system,subset,step,lambda,repeat_index,repeat_number,r_val_raw,path
tfim,early5,1100,1e-08,0,1,0.0181284898356373,<raw-result-omitted>
tfim,early5,1100,1e-08,1,2,0.017780391168928083,<raw-result-omitted>
tfim,early5,1100,1e-08,2,3,0.016682560312505326,<raw-result-omitted>
tfim,early5,1100,1e-08,3,4,0.017747305038235038,<raw-result-omitted>
tfim,early5,1100,1e-08,4,5,0.017098011703043654,<raw-result-omitted>
tfim,early5,1100,1e-08,5,6,0.01790307415122728,<raw-result-omitted>
tfim,early5,1100,1e-08,6,7,0.017364013631820642,<raw-result-omitted>
tfim,early5,1100,1e-08,7,8,0.016977372009444304,<raw-result-omitted>
tfim,early5,1100,1e-08,8,9,0.017520211751801157,<raw-result-omitted>
tfim,early5,1100,1e-08,9,10,0.017858861430660226,<raw-result-omitted>
tfim,early5,1100,1e-08,10,11,0.01774878005179536,<raw-result-omitted>
tfim,early5,1100,1e-08,11,12,0.017517858416628323,<raw-result-omitted>
tfim,early5,1100,1e-08,12,13,0.016931526287908116,<raw-result-omitted>
tfim,early5,1100,1e-08,13,14,0.017184775600834493,<raw-result-omitted>
tfim,early5,1100,1e-08,14,15,0.017601048673319405,<raw-result-omitted>
tfim,early5,1100,1e-08,15,16,0.017027876922180593,<raw-result-omitted>
tfim,early5,1100,1e-08,16,17,0.017048482108834983,<raw-result-omitted>
tfim,early5,1100,1e-08,17,18,0.017641324700479355,<raw-result-omitted>
tfim,early5,1100,1e-08,18,19,0.017439552557449445,<raw-result-omitted>
tfim,early5,1100,1e-08,19,20,0.017596863361848843,<raw-result-omitted>
tfim,early5,1100,1e-07,0,1,0.017518115829163294,<raw-result-omitted>
tfim,early5,1100,1e-07,1,2,0.017242972973442298,<raw-result-omitted>
tfim,early5,1100,1e-07,2,3,0.01606644585262581,<raw-result-omitted>
tfim,early5,1100,1e-07,3,4,0.01722615403882445,<raw-result-omitted>
tfim,early5,1100,1e-07,4,5,0.016531686240734537,<raw-result-omitted>
tfim,early5,1100,1e-07,5,6,0.017398329645390984,<raw-result-omitted>
tfim,early5,1100,1e-07,6,7,0.016733409278439925,<raw-result-omitted>
tfim,early5,1100,1e-07,7,8,0.016518675553650254,<raw-result-omitted>
tfim,early5,1100,1e-07,8,9,0.016873434957219192,<raw-result-omitted>
tfim,early5,1100,1e-07,9,10,0.01715966084690672,<raw-result-omitted>
tfim,early5,1100,1e-07,10,11,0.017111185431508108,<raw-result-omitted>
tfim,early5,1100,1e-07,11,12,0.01703502959005574,<raw-result-omitted>
tfim,early5,1100,1e-07,12,13,0.016310903626073656,<raw-result-omitted>
tfim,early5,1100,1e-07,13,14,0.016632681875431397,<raw-result-omitted>
tfim,early5,1100,1e-07,14,15,0.016949598024021476,<raw-result-omitted>
tfim,early5,1100,1e-07,15,16,0.01624429921224607,<raw-result-omitted>
tfim,early5,1100,1e-07,16,17,0.016441745090041184,<raw-result-omitted>
tfim,early5,1100,1e-07,17,18,0.01696248473785973,<raw-result-omitted>
tfim,early5,1100,1e-07,18,19,0.016823625746193997,<raw-result-omitted>
tfim,early5,1100,1e-07,19,20,0.01713180523289567,<raw-result-omitted>
tfim,early5,1100,1e-06,0,1,0.015371056986504619,<raw-result-omitted>
tfim,early5,1100,1e-06,1,2,0.01524653281641487,<raw-result-omitted>
tfim,early5,1100,1e-06,2,3,0.014203234089899236,<raw-result-omitted>
tfim,early5,1100,1e-06,3,4,0.014634891644299403,<raw-result-omitted>
tfim,early5,1100,1e-06,4,5,0.014308702547220817,<raw-result-omitted>
tfim,early5,1100,1e-06,5,6,0.014949848276905153,<raw-result-omitted>
tfim,early5,1100,1e-06,6,7,0.01445838664102457,<raw-result-omitted>
tfim,early5,1100,1e-06,7,8,0.014381682271935797,<raw-result-omitted>
tfim,early5,1100,1e-06,8,9,0.014485079422546517,<raw-result-omitted>
tfim,early5,1100,1e-06,9,10,0.015009630081231245,<raw-result-omitted>
tfim,early5,1100,1e-06,10,11,0.01473355478833075,<raw-result-omitted>
tfim,early5,1100,1e-06,11,12,0.014824996993665514,<raw-result-omitted>
tfim,early5,1100,1e-06,12,13,0.014082588198189715,<raw-result-omitted>
tfim,early5,1100,1e-06,13,14,0.014579933586306375,<raw-result-omitted>
tfim,early5,1100,1e-06,14,15,0.014671374783428684,<raw-result-omitted>
tfim,early5,1100,1e-06,15,16,0.014271071519593649,<raw-result-omitted>
tfim,early5,1100,1e-06,16,17,0.014125062375580446,<raw-result-omitted>
tfim,early5,1100,1e-06,17,18,0.014692991598580979,<raw-result-omitted>
tfim,early5,1100,1e-06,18,19,0.014264068240851442,<raw-result-omitted>
tfim,early5,1100,1e-06,19,20,0.014775673267838005,<raw-result-omitted>
tfim,early5,1100,1e-05,0,1,0.015789071523128716,<raw-result-omitted>
tfim,early5,1100,1e-05,1,2,0.016215101083970146,<raw-result-omitted>
tfim,early5,1100,1e-05,2,3,0.014882963384586289,<raw-result-omitted>
tfim,early5,1100,1e-05,3,4,0.014619125657208831,<raw-result-omitted>
tfim,early5,1100,1e-05,4,5,0.015085333392738301,<raw-result-omitted>
tfim,early5,1100,1e-05,5,6,0.015405114410061689,<raw-result-omitted>
tfim,early5,1100,1e-05,6,7,0.014876160656129737,<raw-result-omitted>
tfim,early5,1100,1e-05,7,8,0.015000214814054778,<raw-result-omitted>
tfim,early5,1100,1e-05,8,9,0.014945037970475276,<raw-result-omitted>
tfim,early5,1100,1e-05,9,10,0.015574592048372075,<raw-result-omitted>
tfim,early5,1100,1e-05,10,11,0.015150919530286447,<raw-result-omitted>
tfim,early5,1100,1e-05,11,12,0.015148844762850238,<raw-result-omitted>
tfim,early5,1100,1e-05,12,13,0.014795547285952322,<raw-result-omitted>
tfim,early5,1100,1e-05,13,14,0.015035710344368453,<raw-result-omitted>
tfim,early5,1100,1e-05,14,15,0.01499814985198374,<raw-result-omitted>
tfim,early5,1100,1e-05,15,16,0.014913026949038732,<raw-result-omitted>
tfim,early5,1100,1e-05,16,17,0.014605424405932155,<raw-result-omitted>
tfim,early5,1100,1e-05,17,18,0.015344435757840013,<raw-result-omitted>
tfim,early5,1100,1e-05,18,19,0.0145701968080489,<raw-result-omitted>
tfim,early5,1100,1e-05,19,20,0.015283648447218908,<raw-result-omitted>
tfim,early5,1100,0.0001,0,1,0.016624860628942757,<raw-result-omitted>
tfim,early5,1100,0.0001,1,2,0.016796988655091383,<raw-result-omitted>
tfim,early5,1100,0.0001,2,3,0.015933549489368447,<raw-result-omitted>
tfim,early5,1100,0.0001,3,4,0.01566842398451491,<raw-result-omitted>
tfim,early5,1100,0.0001,4,5,0.016092709724804206,<raw-result-omitted>
tfim,early5,1100,0.0001,5,6,0.016378027561647038,<raw-result-omitted>
tfim,early5,1100,0.0001,6,7,0.015796046665460674,<raw-result-omitted>
tfim,early5,1100,0.0001,7,8,0.015977185411411153,<raw-result-omitted>
tfim,early5,1100,0.0001,8,9,0.01616819728699432,<raw-result-omitted>
tfim,early5,1100,0.0001,9,10,0.016550082429644564,<raw-result-omitted>
tfim,early5,1100,0.0001,10,11,0.016088720803313687,<raw-result-omitted>
tfim,early5,1100,0.0001,11,12,0.01602845970839193,<raw-result-omitted>
tfim,early5,1100,0.0001,12,13,0.0160192407020725,<raw-result-omitted>
tfim,early5,1100,0.0001,13,14,0.015889291754421383,<raw-result-omitted>
tfim,early5,1100,0.0001,14,15,0.015969436342276044,<raw-result-omitted>
tfim,early5,1100,0.0001,15,16,0.015786911910280827,<raw-result-omitted>
tfim,early5,1100,0.0001,16,17,0.015623498701844115,<raw-result-omitted>
tfim,early5,1100,0.0001,17,18,0.016540643474248343,<raw-result-omitted>
tfim,early5,1100,0.0001,18,19,0.01560418955624205,<raw-result-omitted>
tfim,early5,1100,0.0001,19,20,0.016138184047992124,<raw-result-omitted>
tfim,early5,1100,0.001,0,1,0.01693179295477488,<raw-result-omitted>
tfim,early5,1100,0.001,1,2,0.01723114296115555,<raw-result-omitted>
tfim,early5,1100,0.001,2,3,0.01680282491419724,<raw-result-omitted>
tfim,early5,1100,0.001,3,4,0.016533148173174687,<raw-result-omitted>
tfim,early5,1100,0.001,4,5,0.016890941025819124,<raw-result-omitted>
tfim,early5,1100,0.001,5,6,0.01688344549581937,<raw-result-omitted>
tfim,early5,1100,0.001,6,7,0.016415769877843538,<raw-result-omitted>
tfim,early5,1100,0.001,7,8,0.01678769546224622,<raw-result-omitted>
tfim,early5,1100,0.001,8,9,0.016946177898330868,<raw-result-omitted>
tfim,early5,1100,0.001,9,10,0.017349557396522223,<raw-result-omitted>
tfim,early5,1100,0.001,10,11,0.01681733227370433,<raw-result-omitted>
tfim,early5,1100,0.001,11,12,0.016917045085980652,<raw-result-omitted>
tfim,early5,1100,0.001,12,13,0.016998527305355504,<raw-result-omitted>
tfim,early5,1100,0.001,13,14,0.01672177567318576,<raw-result-omitted>
tfim,early5,1100,0.001,14,15,0.0169458225500839,<raw-result-omitted>
tfim,early5,1100,0.001,15,16,0.01653734797020339,<raw-result-omitted>
tfim,early5,1100,0.001,16,17,0.016575094909512075,<raw-result-omitted>
tfim,early5,1100,0.001,17,18,0.017321784429918344,<raw-result-omitted>
tfim,early5,1100,0.001,18,19,0.01647481987266694,<raw-result-omitted>
tfim,early5,1100,0.001,19,20,0.016662976652876783,<raw-result-omitted>
tfim,early5,1100,0.01,0,1,0.017698000050033004,<raw-result-omitted>
tfim,early5,1100,0.01,1,2,0.017942430701206304,<raw-result-omitted>
tfim,early5,1100,0.01,2,3,0.017547816964640403,<raw-result-omitted>
tfim,early5,1100,0.01,3,4,0.01746197834366428,<raw-result-omitted>
tfim,early5,1100,0.01,4,5,0.01786019385576276,<raw-result-omitted>
tfim,early5,1100,0.01,5,6,0.017709220781965337,<raw-result-omitted>
tfim,early5,1100,0.01,6,7,0.01725568579217522,<raw-result-omitted>
tfim,early5,1100,0.01,7,8,0.017888107669902512,<raw-result-omitted>
tfim,early5,1100,0.01,8,9,0.017738379102891957,<raw-result-omitted>
tfim,early5,1100,0.01,9,10,0.018207490107681704,<raw-result-omitted>
tfim,early5,1100,0.01,10,11,0.01765741093290881,<raw-result-omitted>
tfim,early5,1100,0.01,11,12,0.017973660303412006,<raw-result-omitted>
tfim,early5,1100,0.01,12,13,0.017942937535956497,<raw-result-omitted>
tfim,early5,1100,0.01,13,14,0.01765427288060236,<raw-result-omitted>
tfim,early5,1100,0.01,14,15,0.017931332514055237,<raw-result-omitted>
tfim,early5,1100,0.01,15,16,0.017456369934884884,<raw-result-omitted>
tfim,early5,1100,0.01,16,17,0.017519370656036412,<raw-result-omitted>
tfim,early5,1100,0.01,17,18,0.017923845413987075,<raw-result-omitted>
tfim,early5,1100,0.01,18,19,0.01734257080885535,<raw-result-omitted>
tfim,early5,1100,0.01,19,20,0.017438411129935355,<raw-result-omitted>
tfim,early5,1100,0.1,0,1,0.01897906948690506,<raw-result-omitted>
tfim,early5,1100,0.1,1,2,0.019026259806489795,<raw-result-omitted>
tfim,early5,1100,0.1,2,3,0.01878118773019065,<raw-result-omitted>
tfim,early5,1100,0.1,3,4,0.01862145090920881,<raw-result-omitted>
tfim,early5,1100,0.1,4,5,0.018966854493482753,<raw-result-omitted>
tfim,early5,1100,0.1,5,6,0.019025858365480007,<raw-result-omitted>
tfim,early5,1100,0.1,6,7,0.018383949773858828,<raw-result-omitted>
tfim,early5,1100,0.1,7,8,0.019059405868282545,<raw-result-omitted>
tfim,early5,1100,0.1,8,9,0.01878824307648455,<raw-result-omitted>
tfim,early5,1100,0.1,9,10,0.019275442119958634,<raw-result-omitted>
tfim,early5,1100,0.1,10,11,0.018530069053189928,<raw-result-omitted>
tfim,early5,1100,0.1,11,12,0.019174487566642667,<raw-result-omitted>
tfim,early5,1100,0.1,12,13,0.01903746465404215,<raw-result-omitted>
tfim,early5,1100,0.1,13,14,0.018661345002273323,<raw-result-omitted>
tfim,early5,1100,0.1,14,15,0.018794694388713486,<raw-result-omitted>
tfim,early5,1100,0.1,15,16,0.01861504192406141,<raw-result-omitted>
tfim,early5,1100,0.1,16,17,0.01881763646813257,<raw-result-omitted>
tfim,early5,1100,0.1,17,18,0.018836663255728935,<raw-result-omitted>
tfim,early5,1100,0.1,18,19,0.018492010560922596,<raw-result-omitted>
tfim,early5,1100,0.1,19,20,0.018585554285554952,<raw-result-omitted>
tfim,early5,1200,1e-08,0,1,0.015977659380323386,<raw-result-omitted>
tfim,early5,1200,1e-08,1,2,0.015731879153999196,<raw-result-omitted>
tfim,early5,1200,1e-08,2,3,0.015596813378472503,<raw-result-omitted>
tfim,early5,1200,1e-08,3,4,0.015200997242528427,<raw-result-omitted>
tfim,early5,1200,1e-08,4,5,0.015636058454180146,<raw-result-omitted>
tfim,early5,1200,1e-08,5,6,0.015326251641227428,<raw-result-omitted>
tfim,early5,1200,1e-08,6,7,0.014808202139460507,<raw-result-omitted>
tfim,early5,1200,1e-08,7,8,0.015189451352371696,<raw-result-omitted>
tfim,early5,1200,1e-08,8,9,0.015425219136129698,<raw-result-omitted>
tfim,early5,1200,1e-08,9,10,0.014214493307221337,<raw-result-omitted>
tfim,early5,1200,1e-08,10,11,0.015174428789467426,<raw-result-omitted>
tfim,early5,1200,1e-08,11,12,0.014531886254323565,<raw-result-omitted>
tfim,early5,1200,1e-08,12,13,0.015373305481319495,<raw-result-omitted>
tfim,early5,1200,1e-08,13,14,0.015153620274110144,<raw-result-omitted>
tfim,early5,1200,1e-08,14,15,0.01547708197177673,<raw-result-omitted>
tfim,early5,1200,1e-08,15,16,0.015405670928114514,<raw-result-omitted>
tfim,early5,1200,1e-08,16,17,0.01514385738476244,<raw-result-omitted>
tfim,early5,1200,1e-08,17,18,0.016256824896598944,<raw-result-omitted>
tfim,early5,1200,1e-08,18,19,0.015112228756779547,<raw-result-omitted>
tfim,early5,1200,1e-08,19,20,0.015193367031820563,<raw-result-omitted>
tfim,early5,1200,1e-07,0,1,0.01531614862829076,<raw-result-omitted>
tfim,early5,1200,1e-07,1,2,0.015205553338405679,<raw-result-omitted>
tfim,early5,1200,1e-07,2,3,0.015045457210488038,<raw-result-omitted>
tfim,early5,1200,1e-07,3,4,0.014659205328490698,<raw-result-omitted>
tfim,early5,1200,1e-07,4,5,0.015037465209382702,<raw-result-omitted>
tfim,early5,1200,1e-07,5,6,0.0147501554116802,<raw-result-omitted>
tfim,early5,1200,1e-07,6,7,0.014332424936875782,<raw-result-omitted>
tfim,early5,1200,1e-07,7,8,0.014834843100426775,<raw-result-omitted>
tfim,early5,1200,1e-07,8,9,0.014971455435251274,<raw-result-omitted>
tfim,early5,1200,1e-07,9,10,0.013784538481331602,<raw-result-omitted>
tfim,early5,1200,1e-07,10,11,0.014722382720522743,<raw-result-omitted>
tfim,early5,1200,1e-07,11,12,0.014070661837665342,<raw-result-omitted>
tfim,early5,1200,1e-07,12,13,0.01497061543864046,<raw-result-omitted>
tfim,early5,1200,1e-07,13,14,0.014730252622146929,<raw-result-omitted>
tfim,early5,1200,1e-07,14,15,0.014986986457776245,<raw-result-omitted>
tfim,early5,1200,1e-07,15,16,0.015052711878768143,<raw-result-omitted>
tfim,early5,1200,1e-07,16,17,0.01464501289428264,<raw-result-omitted>
tfim,early5,1200,1e-07,17,18,0.01579971756450263,<raw-result-omitted>
tfim,early5,1200,1e-07,18,19,0.014854875781904073,<raw-result-omitted>
tfim,early5,1200,1e-07,19,20,0.014653726462039954,<raw-result-omitted>
tfim,early5,1200,1e-06,0,1,0.013055934854820343,<raw-result-omitted>
tfim,early5,1200,1e-06,1,2,0.013008531455346015,<raw-result-omitted>
tfim,early5,1200,1e-06,2,3,0.013020424585046937,<raw-result-omitted>
tfim,early5,1200,1e-06,3,4,0.012659113004377375,<raw-result-omitted>
tfim,early5,1200,1e-06,4,5,0.012977221970980737,<raw-result-omitted>
tfim,early5,1200,1e-06,5,6,0.012560849505442086,<raw-result-omitted>
tfim,early5,1200,1e-06,6,7,0.012564550580414207,<raw-result-omitted>
tfim,early5,1200,1e-06,7,8,0.013002783753902847,<raw-result-omitted>
tfim,early5,1200,1e-06,8,9,0.012917518533401732,<raw-result-omitted>
tfim,early5,1200,1e-06,9,10,0.012182037269424123,<raw-result-omitted>
tfim,early5,1200,1e-06,10,11,0.012770965457932083,<raw-result-omitted>
tfim,early5,1200,1e-06,11,12,0.012281310916900538,<raw-result-omitted>
tfim,early5,1200,1e-06,12,13,0.012990591734947356,<raw-result-omitted>
tfim,early5,1200,1e-06,13,14,0.012866751209367394,<raw-result-omitted>
tfim,early5,1200,1e-06,14,15,0.012847471593044411,<raw-result-omitted>
tfim,early5,1200,1e-06,15,16,0.013136913821605688,<raw-result-omitted>
tfim,early5,1200,1e-06,16,17,0.01280310978828603,<raw-result-omitted>
tfim,early5,1200,1e-06,17,18,0.013549159317052565,<raw-result-omitted>
tfim,early5,1200,1e-06,18,19,0.012868283457590935,<raw-result-omitted>
tfim,early5,1200,1e-06,19,20,0.01272591781018444,<raw-result-omitted>
tfim,early5,1200,1e-05,0,1,0.013495586429602673,<raw-result-omitted>
tfim,early5,1200,1e-05,1,2,0.01357666208127967,<raw-result-omitted>
tfim,early5,1200,1e-05,2,3,0.013717748325108654,<raw-result-omitted>
tfim,early5,1200,1e-05,3,4,0.013327506274785352,<raw-result-omitted>
tfim,early5,1200,1e-05,4,5,0.01358098560038501,<raw-result-omitted>
tfim,early5,1200,1e-05,5,6,0.013304957211799421,<raw-result-omitted>
tfim,early5,1200,1e-05,6,7,0.013361073872995675,<raw-result-omitted>
tfim,early5,1200,1e-05,7,8,0.013535750915118062,<raw-result-omitted>
tfim,early5,1200,1e-05,8,9,0.013718926460054185,<raw-result-omitted>
tfim,early5,1200,1e-05,9,10,0.013227873025118948,<raw-result-omitted>
tfim,early5,1200,1e-05,10,11,0.013491074844858921,<raw-result-omitted>
tfim,early5,1200,1e-05,11,12,0.01310253956515347,<raw-result-omitted>
tfim,early5,1200,1e-05,12,13,0.013669071483832153,<raw-result-omitted>
tfim,early5,1200,1e-05,13,14,0.013583520869318834,<raw-result-omitted>
tfim,early5,1200,1e-05,14,15,0.013359229360133274,<raw-result-omitted>
tfim,early5,1200,1e-05,15,16,0.013585809211558057,<raw-result-omitted>
tfim,early5,1200,1e-05,16,17,0.013732468350200111,<raw-result-omitted>
tfim,early5,1200,1e-05,17,18,0.013862701660332172,<raw-result-omitted>
tfim,early5,1200,1e-05,18,19,0.013136764343201372,<raw-result-omitted>
tfim,early5,1200,1e-05,19,20,0.013276471455528164,<raw-result-omitted>
tfim,early5,1200,0.0001,0,1,0.0142391288881131,<raw-result-omitted>
tfim,early5,1200,0.0001,1,2,0.014445015382957373,<raw-result-omitted>
tfim,early5,1200,0.0001,2,3,0.014336578002135114,<raw-result-omitted>
tfim,early5,1200,0.0001,3,4,0.014274764818467737,<raw-result-omitted>
tfim,early5,1200,0.0001,4,5,0.014443371315301396,<raw-result-omitted>
tfim,early5,1200,0.0001,5,6,0.01442891668638439,<raw-result-omitted>
tfim,early5,1200,0.0001,6,7,0.014250099534835081,<raw-result-omitted>
tfim,early5,1200,0.0001,7,8,0.014511888015183775,<raw-result-omitted>
tfim,early5,1200,0.0001,8,9,0.014526331234647123,<raw-result-omitted>
tfim,early5,1200,0.0001,9,10,0.014229707936647067,<raw-result-omitted>
tfim,early5,1200,0.0001,10,11,0.014610769657778758,<raw-result-omitted>
tfim,early5,1200,0.0001,11,12,0.014074140430164075,<raw-result-omitted>
tfim,early5,1200,0.0001,12,13,0.014488043157920936,<raw-result-omitted>
tfim,early5,1200,0.0001,13,14,0.014514754689239663,<raw-result-omitted>
tfim,early5,1200,0.0001,14,15,0.01430184364150319,<raw-result-omitted>
tfim,early5,1200,0.0001,15,16,0.014361011899659895,<raw-result-omitted>
tfim,early5,1200,0.0001,16,17,0.014472292071226772,<raw-result-omitted>
tfim,early5,1200,0.0001,17,18,0.014471933665590646,<raw-result-omitted>
tfim,early5,1200,0.0001,18,19,0.013951135185406653,<raw-result-omitted>
tfim,early5,1200,0.0001,19,20,0.014249574320130506,<raw-result-omitted>
tfim,early5,1200,0.001,0,1,0.015078317104397042,<raw-result-omitted>
tfim,early5,1200,0.001,1,2,0.014912572924368086,<raw-result-omitted>
tfim,early5,1200,0.001,2,3,0.014844578677483518,<raw-result-omitted>
tfim,early5,1200,0.001,3,4,0.014988137079020813,<raw-result-omitted>
tfim,early5,1200,0.001,4,5,0.015090472631312413,<raw-result-omitted>
tfim,early5,1200,0.001,5,6,0.01535012388944763,<raw-result-omitted>
tfim,early5,1200,0.001,6,7,0.015037207723525285,<raw-result-omitted>
tfim,early5,1200,0.001,7,8,0.015468688758146384,<raw-result-omitted>
tfim,early5,1200,0.001,8,9,0.01499625996794032,<raw-result-omitted>
tfim,early5,1200,0.001,9,10,0.014751440709572985,<raw-result-omitted>
tfim,early5,1200,0.001,10,11,0.01541335988113,<raw-result-omitted>
tfim,early5,1200,0.001,11,12,0.014816191504327244,<raw-result-omitted>
tfim,early5,1200,0.001,12,13,0.014877118958777441,<raw-result-omitted>
tfim,early5,1200,0.001,13,14,0.015316137240394911,<raw-result-omitted>
tfim,early5,1200,0.001,14,15,0.014825289129400943,<raw-result-omitted>
tfim,early5,1200,0.001,15,16,0.01515418188429737,<raw-result-omitted>
tfim,early5,1200,0.001,16,17,0.01486345014474986,<raw-result-omitted>
tfim,early5,1200,0.001,17,18,0.015070959660779941,<raw-result-omitted>
tfim,early5,1200,0.001,18,19,0.014776065075870547,<raw-result-omitted>
tfim,early5,1200,0.001,19,20,0.01511942348172076,<raw-result-omitted>
tfim,early5,1200,0.01,0,1,0.01590041116678969,<raw-result-omitted>
tfim,early5,1200,0.01,1,2,0.015424775952112162,<raw-result-omitted>
tfim,early5,1200,0.01,2,3,0.015603103469693633,<raw-result-omitted>
tfim,early5,1200,0.01,3,4,0.015696577549299005,<raw-result-omitted>
tfim,early5,1200,0.01,4,5,0.01561631250751931,<raw-result-omitted>
tfim,early5,1200,0.01,5,6,0.015950607522190834,<raw-result-omitted>
tfim,early5,1200,0.01,6,7,0.015850201166543256,<raw-result-omitted>
tfim,early5,1200,0.01,7,8,0.01610700106118752,<raw-result-omitted>
tfim,early5,1200,0.01,8,9,0.015725497145242216,<raw-result-omitted>
tfim,early5,1200,0.01,9,10,0.015401938201911691,<raw-result-omitted>
tfim,early5,1200,0.01,10,11,0.015984917460731465,<raw-result-omitted>
tfim,early5,1200,0.01,11,12,0.015284501063856164,<raw-result-omitted>
tfim,early5,1200,0.01,12,13,0.015597003694452086,<raw-result-omitted>
tfim,early5,1200,0.01,13,14,0.015919369597404084,<raw-result-omitted>
tfim,early5,1200,0.01,14,15,0.015379290218215741,<raw-result-omitted>
tfim,early5,1200,0.01,15,16,0.01591904626000082,<raw-result-omitted>
tfim,early5,1200,0.01,16,17,0.015550496118093622,<raw-result-omitted>
tfim,early5,1200,0.01,17,18,0.015725323036267967,<raw-result-omitted>
tfim,early5,1200,0.01,18,19,0.01560728514541203,<raw-result-omitted>
tfim,early5,1200,0.01,19,20,0.015847784407243395,<raw-result-omitted>
tfim,early5,1200,0.1,0,1,0.016605558027441937,<raw-result-omitted>
tfim,early5,1200,0.1,1,2,0.016492159733562606,<raw-result-omitted>
tfim,early5,1200,0.1,2,3,0.016638715959562796,<raw-result-omitted>
tfim,early5,1200,0.1,3,4,0.016386020085325224,<raw-result-omitted>
tfim,early5,1200,0.1,4,5,0.01643007087651433,<raw-result-omitted>
tfim,early5,1200,0.1,5,6,0.01640946980931422,<raw-result-omitted>
tfim,early5,1200,0.1,6,7,0.016867978853448796,<raw-result-omitted>
tfim,early5,1200,0.1,7,8,0.01683268796597178,<raw-result-omitted>
tfim,early5,1200,0.1,8,9,0.016784802623619248,<raw-result-omitted>
tfim,early5,1200,0.1,9,10,0.01630180555069903,<raw-result-omitted>
tfim,early5,1200,0.1,10,11,0.016711244529762234,<raw-result-omitted>
tfim,early5,1200,0.1,11,12,0.016167497838792344,<raw-result-omitted>
tfim,early5,1200,0.1,12,13,0.01668978176717572,<raw-result-omitted>
tfim,early5,1200,0.1,13,14,0.016598756796162514,<raw-result-omitted>
tfim,early5,1200,0.1,14,15,0.016523086455428937,<raw-result-omitted>
tfim,early5,1200,0.1,15,16,0.016650590957119467,<raw-result-omitted>
tfim,early5,1200,0.1,16,17,0.01641656104767613,<raw-result-omitted>
tfim,early5,1200,0.1,17,18,0.016559196284437132,<raw-result-omitted>
tfim,early5,1200,0.1,18,19,0.01657767223604262,<raw-result-omitted>
tfim,early5,1200,0.1,19,20,0.016533546419408532,<raw-result-omitted>
tfim,early5,1300,1e-08,0,1,0.013917493812709323,<raw-result-omitted>
tfim,early5,1300,1e-08,1,2,0.0133605964972063,<raw-result-omitted>
tfim,early5,1300,1e-08,2,3,0.013600260416085013,<raw-result-omitted>
tfim,early5,1300,1e-08,3,4,0.013486920153119374,<raw-result-omitted>
tfim,early5,1300,1e-08,4,5,0.013901066830090847,<raw-result-omitted>
tfim,early5,1300,1e-08,5,6,0.012957556944932704,<raw-result-omitted>
tfim,early5,1300,1e-08,6,7,0.013240958182195405,<raw-result-omitted>
tfim,early5,1300,1e-08,7,8,0.01328395813673306,<raw-result-omitted>
tfim,early5,1300,1e-08,8,9,0.013595634855347687,<raw-result-omitted>
tfim,early5,1300,1e-08,9,10,0.013319472564820248,<raw-result-omitted>
tfim,early5,1300,1e-08,10,11,0.012802154853602438,<raw-result-omitted>
tfim,early5,1300,1e-08,11,12,0.013285902106245105,<raw-result-omitted>
tfim,early5,1300,1e-08,12,13,0.013623295475455635,<raw-result-omitted>
tfim,early5,1300,1e-08,13,14,0.014041137699968915,<raw-result-omitted>
tfim,early5,1300,1e-08,14,15,0.013730478889601924,<raw-result-omitted>
tfim,early5,1300,1e-08,15,16,0.013528998856625818,<raw-result-omitted>
tfim,early5,1300,1e-08,16,17,0.014113773695292434,<raw-result-omitted>
tfim,early5,1300,1e-08,17,18,0.013608242032859718,<raw-result-omitted>
tfim,early5,1300,1e-08,18,19,0.0133574409099697,<raw-result-omitted>
tfim,early5,1300,1e-08,19,20,0.013555482808441682,<raw-result-omitted>
tfim,early5,1300,1e-07,0,1,0.013509465495258256,<raw-result-omitted>
tfim,early5,1300,1e-07,1,2,0.012964811827122478,<raw-result-omitted>
tfim,early5,1300,1e-07,2,3,0.013149359897502613,<raw-result-omitted>
tfim,early5,1300,1e-07,3,4,0.013023813919526648,<raw-result-omitted>
tfim,early5,1300,1e-07,4,5,0.013579473604777537,<raw-result-omitted>
tfim,early5,1300,1e-07,5,6,0.012681178289264756,<raw-result-omitted>
tfim,early5,1300,1e-07,6,7,0.012793383438607416,<raw-result-omitted>
tfim,early5,1300,1e-07,7,8,0.012942282302160157,<raw-result-omitted>
tfim,early5,1300,1e-07,8,9,0.013157496566677607,<raw-result-omitted>
tfim,early5,1300,1e-07,9,10,0.012966262802480588,<raw-result-omitted>
tfim,early5,1300,1e-07,10,11,0.012506444198709476,<raw-result-omitted>
tfim,early5,1300,1e-07,11,12,0.012853357820740537,<raw-result-omitted>
tfim,early5,1300,1e-07,12,13,0.013187848196940787,<raw-result-omitted>
tfim,early5,1300,1e-07,13,14,0.013577555644103841,<raw-result-omitted>
tfim,early5,1300,1e-07,14,15,0.013209619100803547,<raw-result-omitted>
tfim,early5,1300,1e-07,15,16,0.013216139238132463,<raw-result-omitted>
tfim,early5,1300,1e-07,16,17,0.01380173725631621,<raw-result-omitted>
tfim,early5,1300,1e-07,17,18,0.013154540345095857,<raw-result-omitted>
tfim,early5,1300,1e-07,18,19,0.012890458534678809,<raw-result-omitted>
tfim,early5,1300,1e-07,19,20,0.013289208906837689,<raw-result-omitted>
tfim,early5,1300,1e-06,0,1,0.011658289625729203,<raw-result-omitted>
tfim,early5,1300,1e-06,1,2,0.011276064273974474,<raw-result-omitted>
tfim,early5,1300,1e-06,2,3,0.011434466598769951,<raw-result-omitted>
tfim,early5,1300,1e-06,3,4,0.011365374773155492,<raw-result-omitted>
tfim,early5,1300,1e-06,4,5,0.01167298157584413,<raw-result-omitted>
tfim,early5,1300,1e-06,5,6,0.010990871179576416,<raw-result-omitted>
tfim,early5,1300,1e-06,6,7,0.011085420909155914,<raw-result-omitted>
tfim,early5,1300,1e-06,7,8,0.011180155782499859,<raw-result-omitted>
tfim,early5,1300,1e-06,8,9,0.011302706645423315,<raw-result-omitted>
tfim,early5,1300,1e-06,9,10,0.011271922826031058,<raw-result-omitted>
tfim,early5,1300,1e-06,10,11,0.010709964379965907,<raw-result-omitted>
tfim,early5,1300,1e-06,11,12,0.01112073584057767,<raw-result-omitted>
tfim,early5,1300,1e-06,12,13,0.011326102593698085,<raw-result-omitted>
tfim,early5,1300,1e-06,13,14,0.011685201737831228,<raw-result-omitted>
tfim,early5,1300,1e-06,14,15,0.01139872799583938,<raw-result-omitted>
tfim,early5,1300,1e-06,15,16,0.011267607443114395,<raw-result-omitted>
tfim,early5,1300,1e-06,16,17,0.011885270686969082,<raw-result-omitted>
tfim,early5,1300,1e-06,17,18,0.011548631783327089,<raw-result-omitted>
tfim,early5,1300,1e-06,18,19,0.01109172364478871,<raw-result-omitted>
tfim,early5,1300,1e-06,19,20,0.011340764019590546,<raw-result-omitted>
tfim,early5,1300,1e-05,0,1,0.011995173360897187,<raw-result-omitted>
tfim,early5,1300,1e-05,1,2,0.011949810701128194,<raw-result-omitted>
tfim,early5,1300,1e-05,2,3,0.01207599537111096,<raw-result-omitted>
tfim,early5,1300,1e-05,3,4,0.012040995564928016,<raw-result-omitted>
tfim,early5,1300,1e-05,4,5,0.01221949938606411,<raw-result-omitted>
tfim,early5,1300,1e-05,5,6,0.011728656732929435,<raw-result-omitted>
tfim,early5,1300,1e-05,6,7,0.011886531554481987,<raw-result-omitted>
tfim,early5,1300,1e-05,7,8,0.011908286700369346,<raw-result-omitted>
tfim,early5,1300,1e-05,8,9,0.01167398008714263,<raw-result-omitted>
tfim,early5,1300,1e-05,9,10,0.011841934383306534,<raw-result-omitted>
tfim,early5,1300,1e-05,10,11,0.011520323074604823,<raw-result-omitted>
tfim,early5,1300,1e-05,11,12,0.01176901312327865,<raw-result-omitted>
tfim,early5,1300,1e-05,12,13,0.012012768051706334,<raw-result-omitted>
tfim,early5,1300,1e-05,13,14,0.012128099905829243,<raw-result-omitted>
tfim,early5,1300,1e-05,14,15,0.012049896738338235,<raw-result-omitted>
tfim,early5,1300,1e-05,15,16,0.011983408350941244,<raw-result-omitted>
tfim,early5,1300,1e-05,16,17,0.01254013468392444,<raw-result-omitted>
tfim,early5,1300,1e-05,17,18,0.012190362692700529,<raw-result-omitted>
tfim,early5,1300,1e-05,18,19,0.011461402479580763,<raw-result-omitted>
tfim,early5,1300,1e-05,19,20,0.011703409764523857,<raw-result-omitted>
tfim,early5,1300,0.0001,0,1,0.012744061621489871,<raw-result-omitted>
tfim,early5,1300,0.0001,1,2,0.012808670723590564,<raw-result-omitted>
tfim,early5,1300,0.0001,2,3,0.012975334373261767,<raw-result-omitted>
tfim,early5,1300,0.0001,3,4,0.012902516153583708,<raw-result-omitted>
tfim,early5,1300,0.0001,4,5,0.012982086080323793,<raw-result-omitted>
tfim,early5,1300,0.0001,5,6,0.012748940005096018,<raw-result-omitted>
tfim,early5,1300,0.0001,6,7,0.013012443022608535,<raw-result-omitted>
tfim,early5,1300,0.0001,7,8,0.012768439043819416,<raw-result-omitted>
tfim,early5,1300,0.0001,8,9,0.012335326202449967,<raw-result-omitted>
tfim,early5,1300,0.0001,9,10,0.012588233845029592,<raw-result-omitted>
tfim,early5,1300,0.0001,10,11,0.012505758104976845,<raw-result-omitted>
tfim,early5,1300,0.0001,11,12,0.012485496818091272,<raw-result-omitted>
tfim,early5,1300,0.0001,12,13,0.012666826999494219,<raw-result-omitted>
tfim,early5,1300,0.0001,13,14,0.012785466893340133,<raw-result-omitted>
tfim,early5,1300,0.0001,14,15,0.012726443409416463,<raw-result-omitted>
tfim,early5,1300,0.0001,15,16,0.0129078812289132,<raw-result-omitted>
tfim,early5,1300,0.0001,16,17,0.01343653631463463,<raw-result-omitted>
tfim,early5,1300,0.0001,17,18,0.012958257109069893,<raw-result-omitted>
tfim,early5,1300,0.0001,18,19,0.012306283244168867,<raw-result-omitted>
tfim,early5,1300,0.0001,19,20,0.012625362868448724,<raw-result-omitted>
tfim,early5,1300,0.001,0,1,0.013394715280336762,<raw-result-omitted>
tfim,early5,1300,0.001,1,2,0.013556487964767605,<raw-result-omitted>
tfim,early5,1300,0.001,2,3,0.013585970738480616,<raw-result-omitted>
tfim,early5,1300,0.001,3,4,0.01357330262105411,<raw-result-omitted>
tfim,early5,1300,0.001,4,5,0.013736863165269252,<raw-result-omitted>
tfim,early5,1300,0.001,5,6,0.013501424535468728,<raw-result-omitted>
tfim,early5,1300,0.001,6,7,0.013969582458190653,<raw-result-omitted>
tfim,early5,1300,0.001,7,8,0.013291880447793242,<raw-result-omitted>
tfim,early5,1300,0.001,8,9,0.012933171565056491,<raw-result-omitted>
tfim,early5,1300,0.001,9,10,0.013375394548192242,<raw-result-omitted>
tfim,early5,1300,0.001,10,11,0.013167456246351083,<raw-result-omitted>
tfim,early5,1300,0.001,11,12,0.01321756941096865,<raw-result-omitted>
tfim,early5,1300,0.001,12,13,0.013450688288310619,<raw-result-omitted>
tfim,early5,1300,0.001,13,14,0.013487911521627864,<raw-result-omitted>
tfim,early5,1300,0.001,14,15,0.013102088562793998,<raw-result-omitted>
tfim,early5,1300,0.001,15,16,0.013823592464893683,<raw-result-omitted>
tfim,early5,1300,0.001,16,17,0.013895285890679373,<raw-result-omitted>
tfim,early5,1300,0.001,17,18,0.013533968929092885,<raw-result-omitted>
tfim,early5,1300,0.001,18,19,0.01294699966960215,<raw-result-omitted>
tfim,early5,1300,0.001,19,20,0.013290644123519477,<raw-result-omitted>
tfim,early5,1300,0.01,0,1,0.013910833755247487,<raw-result-omitted>
tfim,early5,1300,0.01,1,2,0.01411730504707187,<raw-result-omitted>
tfim,early5,1300,0.01,2,3,0.014098575382791904,<raw-result-omitted>
tfim,early5,1300,0.01,3,4,0.014046457912262816,<raw-result-omitted>
tfim,early5,1300,0.01,4,5,0.014028675115364719,<raw-result-omitted>
tfim,early5,1300,0.01,5,6,0.014019509366221587,<raw-result-omitted>
tfim,early5,1300,0.01,6,7,0.014444788891969682,<raw-result-omitted>
tfim,early5,1300,0.01,7,8,0.013679116490035125,<raw-result-omitted>
tfim,early5,1300,0.01,8,9,0.013485212365130284,<raw-result-omitted>
tfim,early5,1300,0.01,9,10,0.013849143659737443,<raw-result-omitted>
tfim,early5,1300,0.01,10,11,0.013626511531622823,<raw-result-omitted>
tfim,early5,1300,0.01,11,12,0.013817894876717196,<raw-result-omitted>
tfim,early5,1300,0.01,12,13,0.014031924917413903,<raw-result-omitted>
tfim,early5,1300,0.01,13,14,0.014016133236937579,<raw-result-omitted>
tfim,early5,1300,0.01,14,15,0.013522476762018945,<raw-result-omitted>
tfim,early5,1300,0.01,15,16,0.014340508139659647,<raw-result-omitted>
tfim,early5,1300,0.01,16,17,0.014205308526471953,<raw-result-omitted>
tfim,early5,1300,0.01,17,18,0.013943737331794603,<raw-result-omitted>
tfim,early5,1300,0.01,18,19,0.013334967627349589,<raw-result-omitted>
tfim,early5,1300,0.01,19,20,0.013708085264465285,<raw-result-omitted>
tfim,early5,1300,0.1,0,1,0.014398863145827459,<raw-result-omitted>
tfim,early5,1300,0.1,1,2,0.014495967626187593,<raw-result-omitted>
tfim,early5,1300,0.1,2,3,0.014694265061672956,<raw-result-omitted>
tfim,early5,1300,0.1,3,4,0.014472210793976217,<raw-result-omitted>
tfim,early5,1300,0.1,4,5,0.01443637716559296,<raw-result-omitted>
tfim,early5,1300,0.1,5,6,0.014464560718485016,<raw-result-omitted>
tfim,early5,1300,0.1,6,7,0.014585714614472632,<raw-result-omitted>
tfim,early5,1300,0.1,7,8,0.014387217285210474,<raw-result-omitted>
tfim,early5,1300,0.1,8,9,0.014073613340335812,<raw-result-omitted>
tfim,early5,1300,0.1,9,10,0.014341491757971662,<raw-result-omitted>
tfim,early5,1300,0.1,10,11,0.014311357750991224,<raw-result-omitted>
tfim,early5,1300,0.1,11,12,0.014285931058604696,<raw-result-omitted>
tfim,early5,1300,0.1,12,13,0.014518992539799522,<raw-result-omitted>
tfim,early5,1300,0.1,13,14,0.014250955633573563,<raw-result-omitted>
tfim,early5,1300,0.1,14,15,0.014346161568756687,<raw-result-omitted>
tfim,early5,1300,0.1,15,16,0.014657595870380537,<raw-result-omitted>
tfim,early5,1300,0.1,16,17,0.01444299604149387,<raw-result-omitted>
tfim,early5,1300,0.1,17,18,0.014365909294466015,<raw-result-omitted>
tfim,early5,1300,0.1,18,19,0.014100320249333175,<raw-result-omitted>
tfim,early5,1300,0.1,19,20,0.014115035256340114,<raw-result-omitted>
tfim,early5,1400,1e-08,0,1,0.012598378827002023,<raw-result-omitted>
tfim,early5,1400,1e-08,1,2,0.012562755561426275,<raw-result-omitted>
tfim,early5,1400,1e-08,2,3,0.011955959597441966,<raw-result-omitted>
tfim,early5,1400,1e-08,3,4,0.012458933172689672,<raw-result-omitted>
tfim,early5,1400,1e-08,4,5,0.012418564418653855,<raw-result-omitted>
tfim,early5,1400,1e-08,5,6,0.012408502252794905,<raw-result-omitted>
tfim,early5,1400,1e-08,6,7,0.0125038884121647,<raw-result-omitted>
tfim,early5,1400,1e-08,7,8,0.0127003651306709,<raw-result-omitted>
tfim,early5,1400,1e-08,8,9,0.01204265200717932,<raw-result-omitted>
tfim,early5,1400,1e-08,9,10,0.012250958692108151,<raw-result-omitted>
tfim,early5,1400,1e-08,10,11,0.011802512329781575,<raw-result-omitted>
tfim,early5,1400,1e-08,11,12,0.012845630197024921,<raw-result-omitted>
tfim,early5,1400,1e-08,12,13,0.01286766257016651,<raw-result-omitted>
tfim,early5,1400,1e-08,13,14,0.012664484972584376,<raw-result-omitted>
tfim,early5,1400,1e-08,14,15,0.01270235350447419,<raw-result-omitted>
tfim,early5,1400,1e-08,15,16,0.012291211246180291,<raw-result-omitted>
tfim,early5,1400,1e-08,16,17,0.012282713679235821,<raw-result-omitted>
tfim,early5,1400,1e-08,17,18,0.012397582989489047,<raw-result-omitted>
tfim,early5,1400,1e-08,18,19,0.01234029965287526,<raw-result-omitted>
tfim,early5,1400,1e-08,19,20,0.012413029115317775,<raw-result-omitted>
tfim,early5,1400,1e-07,0,1,0.012233948085806324,<raw-result-omitted>
tfim,early5,1400,1e-07,1,2,0.012112199184158557,<raw-result-omitted>
tfim,early5,1400,1e-07,2,3,0.01159678637484525,<raw-result-omitted>
tfim,early5,1400,1e-07,3,4,0.012002508286421415,<raw-result-omitted>
tfim,early5,1400,1e-07,4,5,0.012010618183372884,<raw-result-omitted>
tfim,early5,1400,1e-07,5,6,0.012101554910338593,<raw-result-omitted>
tfim,early5,1400,1e-07,6,7,0.012171794266471985,<raw-result-omitted>
tfim,early5,1400,1e-07,7,8,0.012248273825248169,<raw-result-omitted>
tfim,early5,1400,1e-07,8,9,0.01174852588629132,<raw-result-omitted>
tfim,early5,1400,1e-07,9,10,0.01190124586590334,<raw-result-omitted>
tfim,early5,1400,1e-07,10,11,0.0114867165973062,<raw-result-omitted>
tfim,early5,1400,1e-07,11,12,0.012492845719662762,<raw-result-omitted>
tfim,early5,1400,1e-07,12,13,0.012437301332110599,<raw-result-omitted>
tfim,early5,1400,1e-07,13,14,0.012246534050196208,<raw-result-omitted>
tfim,early5,1400,1e-07,14,15,0.012337410621486758,<raw-result-omitted>
tfim,early5,1400,1e-07,15,16,0.011929097788406324,<raw-result-omitted>
tfim,early5,1400,1e-07,16,17,0.011997504046278393,<raw-result-omitted>
tfim,early5,1400,1e-07,17,18,0.011906373265239856,<raw-result-omitted>
tfim,early5,1400,1e-07,18,19,0.011945578944924064,<raw-result-omitted>
tfim,early5,1400,1e-07,19,20,0.012179604121163031,<raw-result-omitted>
tfim,early5,1400,1e-06,0,1,0.010614347602987866,<raw-result-omitted>
tfim,early5,1400,1e-06,1,2,0.010475625978784826,<raw-result-omitted>
tfim,early5,1400,1e-06,2,3,0.010120301777755969,<raw-result-omitted>
tfim,early5,1400,1e-06,3,4,0.01024595731001775,<raw-result-omitted>
tfim,early5,1400,1e-06,4,5,0.010278329540358636,<raw-result-omitted>
tfim,early5,1400,1e-06,5,6,0.010462880255134789,<raw-result-omitted>
tfim,early5,1400,1e-06,6,7,0.010465037960837219,<raw-result-omitted>
tfim,early5,1400,1e-06,7,8,0.010644836832515856,<raw-result-omitted>
tfim,early5,1400,1e-06,8,9,0.010101460583848218,<raw-result-omitted>
tfim,early5,1400,1e-06,9,10,0.010217117946624702,<raw-result-omitted>
tfim,early5,1400,1e-06,10,11,0.010051638043906887,<raw-result-omitted>
tfim,early5,1400,1e-06,11,12,0.010689928928361805,<raw-result-omitted>
tfim,early5,1400,1e-06,12,13,0.010532802238124249,<raw-result-omitted>
tfim,early5,1400,1e-06,13,14,0.010637842982728013,<raw-result-omitted>
tfim,early5,1400,1e-06,14,15,0.010726221163560604,<raw-result-omitted>
tfim,early5,1400,1e-06,15,16,0.01014893344466828,<raw-result-omitted>
tfim,early5,1400,1e-06,16,17,0.010167426651088102,<raw-result-omitted>
tfim,early5,1400,1e-06,17,18,0.010313927941082974,<raw-result-omitted>
tfim,early5,1400,1e-06,18,19,0.010348050798039757,<raw-result-omitted>
tfim,early5,1400,1e-06,19,20,0.010387831878509238,<raw-result-omitted>
tfim,early5,1400,1e-05,0,1,0.011241624527829936,<raw-result-omitted>
tfim,early5,1400,1e-05,1,2,0.011204007201686966,<raw-result-omitted>
tfim,early5,1400,1e-05,2,3,0.010662321726974006,<raw-result-omitted>
tfim,early5,1400,1e-05,3,4,0.010853596012638637,<raw-result-omitted>
tfim,early5,1400,1e-05,4,5,0.010757834129344196,<raw-result-omitted>
tfim,early5,1400,1e-05,5,6,0.011211911946968035,<raw-result-omitted>
tfim,early5,1400,1e-05,6,7,0.010916507821813847,<raw-result-omitted>
tfim,early5,1400,1e-05,7,8,0.011232065183432997,<raw-result-omitted>
tfim,early5,1400,1e-05,8,9,0.010886172164401763,<raw-result-omitted>
tfim,early5,1400,1e-05,9,10,0.010914728367408331,<raw-result-omitted>
tfim,early5,1400,1e-05,10,11,0.01088728555320917,<raw-result-omitted>
tfim,early5,1400,1e-05,11,12,0.011149546868613653,<raw-result-omitted>
tfim,early5,1400,1e-05,12,13,0.010920926475331648,<raw-result-omitted>
tfim,early5,1400,1e-05,13,14,0.01133210459303997,<raw-result-omitted>
tfim,early5,1400,1e-05,14,15,0.011706075600283026,<raw-result-omitted>
tfim,early5,1400,1e-05,15,16,0.01111086477193083,<raw-result-omitted>
tfim,early5,1400,1e-05,16,17,0.010794011170002126,<raw-result-omitted>
tfim,early5,1400,1e-05,17,18,0.010953353139263464,<raw-result-omitted>
tfim,early5,1400,1e-05,18,19,0.011229886658606882,<raw-result-omitted>
tfim,early5,1400,1e-05,19,20,0.010767974081596111,<raw-result-omitted>
tfim,early5,1400,0.0001,0,1,0.011880582127562779,<raw-result-omitted>
tfim,early5,1400,0.0001,1,2,0.011995450886459008,<raw-result-omitted>
tfim,early5,1400,0.0001,2,3,0.011369191945410067,<raw-result-omitted>
tfim,early5,1400,0.0001,3,4,0.011856861821987546,<raw-result-omitted>
tfim,early5,1400,0.0001,4,5,0.011438000980267558,<raw-result-omitted>
tfim,early5,1400,0.0001,5,6,0.011942988561880991,<raw-result-omitted>
tfim,early5,1400,0.0001,6,7,0.011538823297044615,<raw-result-omitted>
tfim,early5,1400,0.0001,7,8,0.01188704464425144,<raw-result-omitted>
tfim,early5,1400,0.0001,8,9,0.011669357740389474,<raw-result-omitted>
tfim,early5,1400,0.0001,9,10,0.01172232925670544,<raw-result-omitted>
tfim,early5,1400,0.0001,10,11,0.011780558591491137,<raw-result-omitted>
tfim,early5,1400,0.0001,11,12,0.011998354106092053,<raw-result-omitted>
tfim,early5,1400,0.0001,12,13,0.011905865739500983,<raw-result-omitted>
tfim,early5,1400,0.0001,13,14,0.012114442544046358,<raw-result-omitted>
tfim,early5,1400,0.0001,14,15,0.012562074918386273,<raw-result-omitted>
tfim,early5,1400,0.0001,15,16,0.012044110275343144,<raw-result-omitted>
tfim,early5,1400,0.0001,16,17,0.011661851760571874,<raw-result-omitted>
tfim,early5,1400,0.0001,17,18,0.011820141950829532,<raw-result-omitted>
tfim,early5,1400,0.0001,18,19,0.012243237927023629,<raw-result-omitted>
tfim,early5,1400,0.0001,19,20,0.01143127367083473,<raw-result-omitted>
tfim,early5,1400,0.001,0,1,0.012389559786940563,<raw-result-omitted>
tfim,early5,1400,0.001,1,2,0.012730559219245319,<raw-result-omitted>
tfim,early5,1400,0.001,2,3,0.01212553955085371,<raw-result-omitted>
tfim,early5,1400,0.001,3,4,0.012764434738655187,<raw-result-omitted>
tfim,early5,1400,0.001,4,5,0.01224292786898237,<raw-result-omitted>
tfim,early5,1400,0.001,5,6,0.012342002085308867,<raw-result-omitted>
tfim,early5,1400,0.001,6,7,0.012232607705149333,<raw-result-omitted>
tfim,early5,1400,0.001,7,8,0.012425669847879475,<raw-result-omitted>
tfim,early5,1400,0.001,8,9,0.012263969616596319,<raw-result-omitted>
tfim,early5,1400,0.001,9,10,0.012337250105125801,<raw-result-omitted>
tfim,early5,1400,0.001,10,11,0.012329811108427928,<raw-result-omitted>
tfim,early5,1400,0.001,11,12,0.012674138871959005,<raw-result-omitted>
tfim,early5,1400,0.001,12,13,0.012843217072621855,<raw-result-omitted>
tfim,early5,1400,0.001,13,14,0.01279684452806095,<raw-result-omitted>
tfim,early5,1400,0.001,14,15,0.01329899943173735,<raw-result-omitted>
tfim,early5,1400,0.001,15,16,0.0129542582713747,<raw-result-omitted>
tfim,early5,1400,0.001,16,17,0.012428018771312171,<raw-result-omitted>
tfim,early5,1400,0.001,17,18,0.012791876224926035,<raw-result-omitted>
tfim,early5,1400,0.001,18,19,0.012896250361724211,<raw-result-omitted>
tfim,early5,1400,0.001,19,20,0.01228912820855416,<raw-result-omitted>
tfim,early5,1400,0.01,0,1,0.012861619356979832,<raw-result-omitted>
tfim,early5,1400,0.01,1,2,0.013373829703924547,<raw-result-omitted>
tfim,early5,1400,0.01,2,3,0.012901346144751472,<raw-result-omitted>
tfim,early5,1400,0.01,3,4,0.01338297585001972,<raw-result-omitted>
tfim,early5,1400,0.01,4,5,0.012998688446541656,<raw-result-omitted>
tfim,early5,1400,0.01,5,6,0.012780270115403967,<raw-result-omitted>
tfim,early5,1400,0.01,6,7,0.012797357882257582,<raw-result-omitted>
tfim,early5,1400,0.01,7,8,0.012866605470393033,<raw-result-omitted>
tfim,early5,1400,0.01,8,9,0.01282922099356949,<raw-result-omitted>
tfim,early5,1400,0.01,9,10,0.012899316749114119,<raw-result-omitted>
tfim,early5,1400,0.01,10,11,0.012827340703858714,<raw-result-omitted>
tfim,early5,1400,0.01,11,12,0.013038980667339377,<raw-result-omitted>
tfim,early5,1400,0.01,12,13,0.013499225823991986,<raw-result-omitted>
tfim,early5,1400,0.01,13,14,0.013231340910496315,<raw-result-omitted>
tfim,early5,1400,0.01,14,15,0.013750636342288052,<raw-result-omitted>
tfim,early5,1400,0.01,15,16,0.013633782725817063,<raw-result-omitted>
tfim,early5,1400,0.01,16,17,0.013176268323061447,<raw-result-omitted>
tfim,early5,1400,0.01,17,18,0.01361576212303559,<raw-result-omitted>
tfim,early5,1400,0.01,18,19,0.013241919005734983,<raw-result-omitted>
tfim,early5,1400,0.01,19,20,0.01292577695800248,<raw-result-omitted>
tfim,early5,1400,0.1,0,1,0.013308674713197417,<raw-result-omitted>
tfim,early5,1400,0.1,1,2,0.013608206893455349,<raw-result-omitted>
tfim,early5,1400,0.1,2,3,0.013373918873868735,<raw-result-omitted>
tfim,early5,1400,0.1,3,4,0.013568279106820607,<raw-result-omitted>
tfim,early5,1400,0.1,4,5,0.013427395858807062,<raw-result-omitted>
tfim,early5,1400,0.1,5,6,0.013312342810451908,<raw-result-omitted>
tfim,early5,1400,0.1,6,7,0.013468220554465223,<raw-result-omitted>
tfim,early5,1400,0.1,7,8,0.013419693785575004,<raw-result-omitted>
tfim,early5,1400,0.1,8,9,0.013366564845394772,<raw-result-omitted>
tfim,early5,1400,0.1,9,10,0.013564927215385209,<raw-result-omitted>
tfim,early5,1400,0.1,10,11,0.013408236863934424,<raw-result-omitted>
tfim,early5,1400,0.1,11,12,0.013403251564693332,<raw-result-omitted>
tfim,early5,1400,0.1,12,13,0.013961297263164342,<raw-result-omitted>
tfim,early5,1400,0.1,13,14,0.013575984844779187,<raw-result-omitted>
tfim,early5,1400,0.1,14,15,0.014093956060346347,<raw-result-omitted>
tfim,early5,1400,0.1,15,16,0.013790677764300699,<raw-result-omitted>
tfim,early5,1400,0.1,16,17,0.013507051459236141,<raw-result-omitted>
tfim,early5,1400,0.1,17,18,0.013889628186041461,<raw-result-omitted>
tfim,early5,1400,0.1,18,19,0.013404135586841677,<raw-result-omitted>
tfim,early5,1400,0.1,19,20,0.013513653582741696,<raw-result-omitted>
tfim,early5,1500,1e-08,0,1,0.011044863650902488,<raw-result-omitted>
tfim,early5,1500,1e-08,1,2,0.010930346669870201,<raw-result-omitted>
tfim,early5,1500,1e-08,2,3,0.011196938073026883,<raw-result-omitted>
tfim,early5,1500,1e-08,3,4,0.011024615513492743,<raw-result-omitted>
tfim,early5,1500,1e-08,4,5,0.011416133416680713,<raw-result-omitted>
tfim,early5,1500,1e-08,5,6,0.010780705634313945,<raw-result-omitted>
tfim,early5,1500,1e-08,6,7,0.011345771488255049,<raw-result-omitted>
tfim,early5,1500,1e-08,7,8,0.011269392509597746,<raw-result-omitted>
tfim,early5,1500,1e-08,8,9,0.010679601236832753,<raw-result-omitted>
tfim,early5,1500,1e-08,9,10,0.011024097977407924,<raw-result-omitted>
tfim,early5,1500,1e-08,10,11,0.010926560914643288,<raw-result-omitted>
tfim,early5,1500,1e-08,11,12,0.011311979824943239,<raw-result-omitted>
tfim,early5,1500,1e-08,12,13,0.011133073637480544,<raw-result-omitted>
tfim,early5,1500,1e-08,13,14,0.010830074011903734,<raw-result-omitted>
tfim,early5,1500,1e-08,14,15,0.01075091696912476,<raw-result-omitted>
tfim,early5,1500,1e-08,15,16,0.011172963135470663,<raw-result-omitted>
tfim,early5,1500,1e-08,16,17,0.011552985984298146,<raw-result-omitted>
tfim,early5,1500,1e-08,17,18,0.01140824087967527,<raw-result-omitted>
tfim,early5,1500,1e-08,18,19,0.011259088122065362,<raw-result-omitted>
tfim,early5,1500,1e-08,19,20,0.011468340860408514,<raw-result-omitted>
tfim,early5,1500,1e-07,0,1,0.0107655444189198,<raw-result-omitted>
tfim,early5,1500,1e-07,1,2,0.010691849275530818,<raw-result-omitted>
tfim,early5,1500,1e-07,2,3,0.010790406244753754,<raw-result-omitted>
tfim,early5,1500,1e-07,3,4,0.010676705936544153,<raw-result-omitted>
tfim,early5,1500,1e-07,4,5,0.011078174475611234,<raw-result-omitted>
tfim,early5,1500,1e-07,5,6,0.010411509112758708,<raw-result-omitted>
tfim,early5,1500,1e-07,6,7,0.011158514626786964,<raw-result-omitted>
tfim,early5,1500,1e-07,7,8,0.010941584239951316,<raw-result-omitted>
tfim,early5,1500,1e-07,8,9,0.010438982249561912,<raw-result-omitted>
tfim,early5,1500,1e-07,9,10,0.010655834612653018,<raw-result-omitted>
tfim,early5,1500,1e-07,10,11,0.010587523092960884,<raw-result-omitted>
tfim,early5,1500,1e-07,11,12,0.011030121501289583,<raw-result-omitted>
tfim,early5,1500,1e-07,12,13,0.0108504442761986,<raw-result-omitted>
tfim,early5,1500,1e-07,13,14,0.010576748995456001,<raw-result-omitted>
tfim,early5,1500,1e-07,14,15,0.010436449236276108,<raw-result-omitted>
tfim,early5,1500,1e-07,15,16,0.010863220120678087,<raw-result-omitted>
tfim,early5,1500,1e-07,16,17,0.011283170357337734,<raw-result-omitted>
tfim,early5,1500,1e-07,17,18,0.011064559475400287,<raw-result-omitted>
tfim,early5,1500,1e-07,18,19,0.010812405720312664,<raw-result-omitted>
tfim,early5,1500,1e-07,19,20,0.011071952094730067,<raw-result-omitted>
tfim,early5,1500,1e-06,0,1,0.009138772388815757,<raw-result-omitted>
tfim,early5,1500,1e-06,1,2,0.009089790465804755,<raw-result-omitted>
tfim,early5,1500,1e-06,2,3,0.0092665633595516,<raw-result-omitted>
tfim,early5,1500,1e-06,3,4,0.009156229469538382,<raw-result-omitted>
tfim,early5,1500,1e-06,4,5,0.009478261198098338,<raw-result-omitted>
tfim,early5,1500,1e-06,5,6,0.008988416566849055,<raw-result-omitted>
tfim,early5,1500,1e-06,6,7,0.00948193659109804,<raw-result-omitted>
tfim,early5,1500,1e-06,7,8,0.00920437186372153,<raw-result-omitted>
tfim,early5,1500,1e-06,8,9,0.008925325829683712,<raw-result-omitted>
tfim,early5,1500,1e-06,9,10,0.00901101718707524,<raw-result-omitted>
tfim,early5,1500,1e-06,10,11,0.009173887623045489,<raw-result-omitted>
tfim,early5,1500,1e-06,11,12,0.009495706202188422,<raw-result-omitted>
tfim,early5,1500,1e-06,12,13,0.009179618518073637,<raw-result-omitted>
tfim,early5,1500,1e-06,13,14,0.008962213678917572,<raw-result-omitted>
tfim,early5,1500,1e-06,14,15,0.008998745048299013,<raw-result-omitted>
tfim,early5,1500,1e-06,15,16,0.009318990557707366,<raw-result-omitted>
tfim,early5,1500,1e-06,16,17,0.00961759994643567,<raw-result-omitted>
tfim,early5,1500,1e-06,17,18,0.009442713155570411,<raw-result-omitted>
tfim,early5,1500,1e-06,18,19,0.009274690640990629,<raw-result-omitted>
tfim,early5,1500,1e-06,19,20,0.009426662050684096,<raw-result-omitted>
tfim,early5,1500,1e-05,0,1,0.009920877020777022,<raw-result-omitted>
tfim,early5,1500,1e-05,1,2,0.009637200996547936,<raw-result-omitted>
tfim,early5,1500,1e-05,2,3,0.009964409131757387,<raw-result-omitted>
tfim,early5,1500,1e-05,3,4,0.00980050550986553,<raw-result-omitted>
tfim,early5,1500,1e-05,4,5,0.00991571247265516,<raw-result-omitted>
tfim,early5,1500,1e-05,5,6,0.009864645035535715,<raw-result-omitted>
tfim,early5,1500,1e-05,6,7,0.010059049493663309,<raw-result-omitted>
tfim,early5,1500,1e-05,7,8,0.009747883557362736,<raw-result-omitted>
tfim,early5,1500,1e-05,8,9,0.009562498719536721,<raw-result-omitted>
tfim,early5,1500,1e-05,9,10,0.00973541296261831,<raw-result-omitted>
tfim,early5,1500,1e-05,10,11,0.00977969791086834,<raw-result-omitted>
tfim,early5,1500,1e-05,11,12,0.010116123291715459,<raw-result-omitted>
tfim,early5,1500,1e-05,12,13,0.00974804779411927,<raw-result-omitted>
tfim,early5,1500,1e-05,13,14,0.009576045157352721,<raw-result-omitted>
tfim,early5,1500,1e-05,14,15,0.009744001509410474,<raw-result-omitted>
tfim,early5,1500,1e-05,15,16,0.009846392404184084,<raw-result-omitted>
tfim,early5,1500,1e-05,16,17,0.010106881960733538,<raw-result-omitted>
tfim,early5,1500,1e-05,17,18,0.010016432289352943,<raw-result-omitted>
tfim,early5,1500,1e-05,18,19,0.009936960777390532,<raw-result-omitted>
tfim,early5,1500,1e-05,19,20,0.009949802719609147,<raw-result-omitted>
tfim,early5,1500,0.0001,0,1,0.010958580722330281,<raw-result-omitted>
tfim,early5,1500,0.0001,1,2,0.010420623035340307,<raw-result-omitted>
tfim,early5,1500,0.0001,2,3,0.01087877418435147,<raw-result-omitted>
tfim,early5,1500,0.0001,3,4,0.010978682506224873,<raw-result-omitted>
tfim,early5,1500,0.0001,4,5,0.010905071236282052,<raw-result-omitted>
tfim,early5,1500,0.0001,5,6,0.010901011603663267,<raw-result-omitted>
tfim,early5,1500,0.0001,6,7,0.010683771439907563,<raw-result-omitted>
tfim,early5,1500,0.0001,7,8,0.010457540378470057,<raw-result-omitted>
tfim,early5,1500,0.0001,8,9,0.010563620392649513,<raw-result-omitted>
tfim,early5,1500,0.0001,9,10,0.010922839727839351,<raw-result-omitted>
tfim,early5,1500,0.0001,10,11,0.010604769109567761,<raw-result-omitted>
tfim,early5,1500,0.0001,11,12,0.010828927027427274,<raw-result-omitted>
tfim,early5,1500,0.0001,12,13,0.010644310181578492,<raw-result-omitted>
tfim,early5,1500,0.0001,13,14,0.010360703903873952,<raw-result-omitted>
tfim,early5,1500,0.0001,14,15,0.010801169951748629,<raw-result-omitted>
tfim,early5,1500,0.0001,15,16,0.01054454247793619,<raw-result-omitted>
tfim,early5,1500,0.0001,16,17,0.01094758688754055,<raw-result-omitted>
tfim,early5,1500,0.0001,17,18,0.010885111317807934,<raw-result-omitted>
tfim,early5,1500,0.0001,18,19,0.010742170280166694,<raw-result-omitted>
tfim,early5,1500,0.0001,19,20,0.010769330230400758,<raw-result-omitted>
tfim,early5,1500,0.001,0,1,0.011839973157014794,<raw-result-omitted>
tfim,early5,1500,0.001,1,2,0.011268168128826694,<raw-result-omitted>
tfim,early5,1500,0.001,2,3,0.011577561437145696,<raw-result-omitted>
tfim,early5,1500,0.001,3,4,0.011999724928763552,<raw-result-omitted>
tfim,early5,1500,0.001,4,5,0.011673220313144978,<raw-result-omitted>
tfim,early5,1500,0.001,5,6,0.011672668195234066,<raw-result-omitted>
tfim,early5,1500,0.001,6,7,0.011382206482554646,<raw-result-omitted>
tfim,early5,1500,0.001,7,8,0.011194204217782524,<raw-result-omitted>
tfim,early5,1500,0.001,8,9,0.011568089278746939,<raw-result-omitted>
tfim,early5,1500,0.001,9,10,0.011995372249807934,<raw-result-omitted>
tfim,early5,1500,0.001,10,11,0.011156544660730707,<raw-result-omitted>
tfim,early5,1500,0.001,11,12,0.011377391871590821,<raw-result-omitted>
tfim,early5,1500,0.001,12,13,0.011408982897535638,<raw-result-omitted>
tfim,early5,1500,0.001,13,14,0.01129911873914292,<raw-result-omitted>
tfim,early5,1500,0.001,14,15,0.011740373606005865,<raw-result-omitted>
tfim,early5,1500,0.001,15,16,0.011356303580870239,<raw-result-omitted>
tfim,early5,1500,0.001,16,17,0.011635543320586358,<raw-result-omitted>
tfim,early5,1500,0.001,17,18,0.011441191134538035,<raw-result-omitted>
tfim,early5,1500,0.001,18,19,0.011476206079728577,<raw-result-omitted>
tfim,early5,1500,0.001,19,20,0.011537966007479174,<raw-result-omitted>
tfim,early5,1500,0.01,0,1,0.012458236882213267,<raw-result-omitted>
tfim,early5,1500,0.01,1,2,0.01191035943576299,<raw-result-omitted>
tfim,early5,1500,0.01,2,3,0.01203338198236124,<raw-result-omitted>
tfim,early5,1500,0.01,3,4,0.012280625878000558,<raw-result-omitted>
tfim,early5,1500,0.01,4,5,0.012106963959743141,<raw-result-omitted>
tfim,early5,1500,0.01,5,6,0.012148635518078802,<raw-result-omitted>
tfim,early5,1500,0.01,6,7,0.01203068934904673,<raw-result-omitted>
tfim,early5,1500,0.01,7,8,0.011728865179415543,<raw-result-omitted>
tfim,early5,1500,0.01,8,9,0.012119477173709075,<raw-result-omitted>
tfim,early5,1500,0.01,9,10,0.012504169672401477,<raw-result-omitted>
tfim,early5,1500,0.01,10,11,0.011513951056706417,<raw-result-omitted>
tfim,early5,1500,0.01,11,12,0.01180904469560131,<raw-result-omitted>
tfim,early5,1500,0.01,12,13,0.011897880317796532,<raw-result-omitted>
tfim,early5,1500,0.01,13,14,0.012244907339937286,<raw-result-omitted>
tfim,early5,1500,0.01,14,15,0.012434438510660844,<raw-result-omitted>
tfim,early5,1500,0.01,15,16,0.011996653494602286,<raw-result-omitted>
tfim,early5,1500,0.01,16,17,0.012162421294038408,<raw-result-omitted>
tfim,early5,1500,0.01,17,18,0.01182497654653672,<raw-result-omitted>
tfim,early5,1500,0.01,18,19,0.011875959449971562,<raw-result-omitted>
tfim,early5,1500,0.01,19,20,0.01201822253971569,<raw-result-omitted>
tfim,early5,1500,0.1,0,1,0.012713033785732093,<raw-result-omitted>
tfim,early5,1500,0.1,1,2,0.01220259934540878,<raw-result-omitted>
tfim,early5,1500,0.1,2,3,0.012161036548960665,<raw-result-omitted>
tfim,early5,1500,0.1,3,4,0.01232149906763378,<raw-result-omitted>
tfim,early5,1500,0.1,4,5,0.012206415648925682,<raw-result-omitted>
tfim,early5,1500,0.1,5,6,0.012274100158165376,<raw-result-omitted>
tfim,early5,1500,0.1,6,7,0.012413233038325509,<raw-result-omitted>
tfim,early5,1500,0.1,7,8,0.012069237767173748,<raw-result-omitted>
tfim,early5,1500,0.1,8,9,0.012345474485014333,<raw-result-omitted>
tfim,early5,1500,0.1,9,10,0.01245150310015371,<raw-result-omitted>
tfim,early5,1500,0.1,10,11,0.01204490598997201,<raw-result-omitted>
tfim,early5,1500,0.1,11,12,0.012076653157087433,<raw-result-omitted>
tfim,early5,1500,0.1,12,13,0.01213599146622892,<raw-result-omitted>
tfim,early5,1500,0.1,13,14,0.012674400391938382,<raw-result-omitted>
tfim,early5,1500,0.1,14,15,0.01277853397557769,<raw-result-omitted>
tfim,early5,1500,0.1,15,16,0.012424614366474133,<raw-result-omitted>
tfim,early5,1500,0.1,16,17,0.012603480178517052,<raw-result-omitted>
tfim,early5,1500,0.1,17,18,0.012077746245236266,<raw-result-omitted>
tfim,early5,1500,0.1,18,19,0.01223947866241034,<raw-result-omitted>
tfim,early5,1500,0.1,19,20,0.012282680095858724,<raw-result-omitted>
tfim,late5,1600,1e-08,0,1,0.010323169015643206,<raw-result-omitted>
tfim,late5,1600,1e-08,1,2,0.009774988078471778,<raw-result-omitted>
tfim,late5,1600,1e-08,2,3,0.010190336188889006,<raw-result-omitted>
tfim,late5,1600,1e-08,3,4,0.0101046961117899,<raw-result-omitted>
tfim,late5,1600,1e-08,4,5,0.010578651333229919,<raw-result-omitted>
tfim,late5,1600,1e-08,5,6,0.010577674299922941,<raw-result-omitted>
tfim,late5,1600,1e-08,6,7,0.010531608683729883,<raw-result-omitted>
tfim,late5,1600,1e-08,7,8,0.010133744916270476,<raw-result-omitted>
tfim,late5,1600,1e-08,8,9,0.010449566635475409,<raw-result-omitted>
tfim,late5,1600,1e-08,9,10,0.010427064412792952,<raw-result-omitted>
tfim,late5,1600,1e-08,10,11,0.010187556862315927,<raw-result-omitted>
tfim,late5,1600,1e-08,11,12,0.010171670661494395,<raw-result-omitted>
tfim,late5,1600,1e-08,12,13,0.010379688596653065,<raw-result-omitted>
tfim,late5,1600,1e-08,13,14,0.0105001239683063,<raw-result-omitted>
tfim,late5,1600,1e-08,14,15,0.010084617008923548,<raw-result-omitted>
tfim,late5,1600,1e-08,15,16,0.010249791437013413,<raw-result-omitted>
tfim,late5,1600,1e-08,16,17,0.01054145006809294,<raw-result-omitted>
tfim,late5,1600,1e-08,17,18,0.01037731217977294,<raw-result-omitted>
tfim,late5,1600,1e-08,18,19,0.01070430908620685,<raw-result-omitted>
tfim,late5,1600,1e-08,19,20,0.010266208049315332,<raw-result-omitted>
tfim,late5,1600,1e-07,0,1,0.01003474309159337,<raw-result-omitted>
tfim,late5,1600,1e-07,1,2,0.00956330907314341,<raw-result-omitted>
tfim,late5,1600,1e-07,2,3,0.009862424703980242,<raw-result-omitted>
tfim,late5,1600,1e-07,3,4,0.009877556744059636,<raw-result-omitted>
tfim,late5,1600,1e-07,4,5,0.010277280117073295,<raw-result-omitted>
tfim,late5,1600,1e-07,5,6,0.010241277189317877,<raw-result-omitted>
tfim,late5,1600,1e-07,6,7,0.01020886411013604,<raw-result-omitted>
tfim,late5,1600,1e-07,7,8,0.009851470064742188,<raw-result-omitted>
tfim,late5,1600,1e-07,8,9,0.010023637844292936,<raw-result-omitted>
tfim,late5,1600,1e-07,9,10,0.010272795215405108,<raw-result-omitted>
tfim,late5,1600,1e-07,10,11,0.00985284737789352,<raw-result-omitted>
tfim,late5,1600,1e-07,11,12,0.009819036291358255,<raw-result-omitted>
tfim,late5,1600,1e-07,12,13,0.010089436508287206,<raw-result-omitted>
tfim,late5,1600,1e-07,13,14,0.010040584675218008,<raw-result-omitted>
tfim,late5,1600,1e-07,14,15,0.009806212970109918,<raw-result-omitted>
tfim,late5,1600,1e-07,15,16,0.00985450911160579,<raw-result-omitted>
tfim,late5,1600,1e-07,16,17,0.010224878604258796,<raw-result-omitted>
tfim,late5,1600,1e-07,17,18,0.009999807447785706,<raw-result-omitted>
tfim,late5,1600,1e-07,18,19,0.010324207334674575,<raw-result-omitted>
tfim,late5,1600,1e-07,19,20,0.0099154404408366,<raw-result-omitted>
tfim,late5,1600,1e-06,0,1,0.008574706613369905,<raw-result-omitted>
tfim,late5,1600,1e-06,1,2,0.008327663909901946,<raw-result-omitted>
tfim,late5,1600,1e-06,2,3,0.008510603558146443,<raw-result-omitted>
tfim,late5,1600,1e-06,3,4,0.008468765497351158,<raw-result-omitted>
tfim,late5,1600,1e-06,4,5,0.008811606591937055,<raw-result-omitted>
tfim,late5,1600,1e-06,5,6,0.008814458137715909,<raw-result-omitted>
tfim,late5,1600,1e-06,6,7,0.00870235857987665,<raw-result-omitted>
tfim,late5,1600,1e-06,7,8,0.008499123782754492,<raw-result-omitted>
tfim,late5,1600,1e-06,8,9,0.00863660375628578,<raw-result-omitted>
tfim,late5,1600,1e-06,9,10,0.008614153818018486,<raw-result-omitted>
tfim,late5,1600,1e-06,10,11,0.008442487774725827,<raw-result-omitted>
tfim,late5,1600,1e-06,11,12,0.00847465205898109,<raw-result-omitted>
tfim,late5,1600,1e-06,12,13,0.008563515553203957,<raw-result-omitted>
tfim,late5,1600,1e-06,13,14,0.008736055715777895,<raw-result-omitted>
tfim,late5,1600,1e-06,14,15,0.00853763927281534,<raw-result-omitted>
tfim,late5,1600,1e-06,15,16,0.008495394839871193,<raw-result-omitted>
tfim,late5,1600,1e-06,16,17,0.008720698023868835,<raw-result-omitted>
tfim,late5,1600,1e-06,17,18,0.008550812649564407,<raw-result-omitted>
tfim,late5,1600,1e-06,18,19,0.008608279456243347,<raw-result-omitted>
tfim,late5,1600,1e-06,19,20,0.008623295574182299,<raw-result-omitted>
tfim,late5,1600,1e-05,0,1,0.009292766374187356,<raw-result-omitted>
tfim,late5,1600,1e-05,1,2,0.008996963437621892,<raw-result-omitted>
tfim,late5,1600,1e-05,2,3,0.009065147444200884,<raw-result-omitted>
tfim,late5,1600,1e-05,3,4,0.009196425042445836,<raw-result-omitted>
tfim,late5,1600,1e-05,4,5,0.009432539042470595,<raw-result-omitted>
tfim,late5,1600,1e-05,5,6,0.009435511090739836,<raw-result-omitted>
tfim,late5,1600,1e-05,6,7,0.009198093207310057,<raw-result-omitted>
tfim,late5,1600,1e-05,7,8,0.009167118905255966,<raw-result-omitted>
tfim,late5,1600,1e-05,8,9,0.009309389918567572,<raw-result-omitted>
tfim,late5,1600,1e-05,9,10,0.009252913761285095,<raw-result-omitted>
tfim,late5,1600,1e-05,10,11,0.009283990618793245,<raw-result-omitted>
tfim,late5,1600,1e-05,11,12,0.009259740048790994,<raw-result-omitted>
tfim,late5,1600,1e-05,12,13,0.009143407487030693,<raw-result-omitted>
tfim,late5,1600,1e-05,13,14,0.00953210573876644,<raw-result-omitted>
tfim,late5,1600,1e-05,14,15,0.009323787425322583,<raw-result-omitted>
tfim,late5,1600,1e-05,15,16,0.00921124523192696,<raw-result-omitted>
tfim,late5,1600,1e-05,16,17,0.009364244379691609,<raw-result-omitted>
tfim,late5,1600,1e-05,17,18,0.009066700005154506,<raw-result-omitted>
tfim,late5,1600,1e-05,18,19,0.009134933651054597,<raw-result-omitted>
tfim,late5,1600,1e-05,19,20,0.00933514756743193,<raw-result-omitted>
tfim,late5,1600,0.0001,0,1,0.010169094768229425,<raw-result-omitted>
tfim,late5,1600,0.0001,1,2,0.009796112438115408,<raw-result-omitted>
tfim,late5,1600,0.0001,2,3,0.009869686980799063,<raw-result-omitted>
tfim,late5,1600,0.0001,3,4,0.010112183237678608,<raw-result-omitted>
tfim,late5,1600,0.0001,4,5,0.010343004324223443,<raw-result-omitted>
tfim,late5,1600,0.0001,5,6,0.010058348696912696,<raw-result-omitted>
tfim,late5,1600,0.0001,6,7,0.010121709187254255,<raw-result-omitted>
tfim,late5,1600,0.0001,7,8,0.010038551218409433,<raw-result-omitted>
tfim,late5,1600,0.0001,8,9,0.01013546984967682,<raw-result-omitted>
tfim,late5,1600,0.0001,9,10,0.010090274363654839,<raw-result-omitted>
tfim,late5,1600,0.0001,10,11,0.010349172756378474,<raw-result-omitted>
tfim,late5,1600,0.0001,11,12,0.010200704176071506,<raw-result-omitted>
tfim,late5,1600,0.0001,12,13,0.010021076368056275,<raw-result-omitted>
tfim,late5,1600,0.0001,13,14,0.010447653826864842,<raw-result-omitted>
tfim,late5,1600,0.0001,14,15,0.01018629920680888,<raw-result-omitted>
tfim,late5,1600,0.0001,15,16,0.010198887502729272,<raw-result-omitted>
tfim,late5,1600,0.0001,16,17,0.010491408139179946,<raw-result-omitted>
tfim,late5,1600,0.0001,17,18,0.01004185566697138,<raw-result-omitted>
tfim,late5,1600,0.0001,18,19,0.009998961723040321,<raw-result-omitted>
tfim,late5,1600,0.0001,19,20,0.010274590686279372,<raw-result-omitted>
tfim,late5,1600,0.001,0,1,0.010820177962832196,<raw-result-omitted>
tfim,late5,1600,0.001,1,2,0.010443468262517096,<raw-result-omitted>
tfim,late5,1600,0.001,2,3,0.010695601152122251,<raw-result-omitted>
tfim,late5,1600,0.001,3,4,0.010787436698578866,<raw-result-omitted>
tfim,late5,1600,0.001,4,5,0.011307003979801505,<raw-result-omitted>
tfim,late5,1600,0.001,5,6,0.010796665720943403,<raw-result-omitted>
tfim,late5,1600,0.001,6,7,0.010945889528205643,<raw-result-omitted>
tfim,late5,1600,0.001,7,8,0.010791570548660964,<raw-result-omitted>
tfim,late5,1600,0.001,8,9,0.010914012655359753,<raw-result-omitted>
tfim,late5,1600,0.001,9,10,0.010761119187056512,<raw-result-omitted>
tfim,late5,1600,0.001,10,11,0.011198203383949806,<raw-result-omitted>
tfim,late5,1600,0.001,11,12,0.010938129128558733,<raw-result-omitted>
tfim,late5,1600,0.001,12,13,0.010980240390568607,<raw-result-omitted>
tfim,late5,1600,0.001,13,14,0.011317838569619728,<raw-result-omitted>
tfim,late5,1600,0.001,14,15,0.010826791097579287,<raw-result-omitted>
tfim,late5,1600,0.001,15,16,0.011132580051274724,<raw-result-omitted>
tfim,late5,1600,0.001,16,17,0.011106680624217408,<raw-result-omitted>
tfim,late5,1600,0.001,17,18,0.010963789178738147,<raw-result-omitted>
tfim,late5,1600,0.001,18,19,0.010851695249937458,<raw-result-omitted>
tfim,late5,1600,0.001,19,20,0.011039945173888361,<raw-result-omitted>
tfim,late5,1600,0.01,0,1,0.011134916274467267,<raw-result-omitted>
tfim,late5,1600,0.01,1,2,0.011022993177172615,<raw-result-omitted>
tfim,late5,1600,0.01,2,3,0.01120115707306088,<raw-result-omitted>
tfim,late5,1600,0.01,3,4,0.011235476936747174,<raw-result-omitted>
tfim,late5,1600,0.01,4,5,0.01165592129047688,<raw-result-omitted>
tfim,late5,1600,0.01,5,6,0.011380202532210995,<raw-result-omitted>
tfim,late5,1600,0.01,6,7,0.011406786489377561,<raw-result-omitted>
tfim,late5,1600,0.01,7,8,0.011167868685874223,<raw-result-omitted>
tfim,late5,1600,0.01,8,9,0.011372893824175277,<raw-result-omitted>
tfim,late5,1600,0.01,9,10,0.011137281133305378,<raw-result-omitted>
tfim,late5,1600,0.01,10,11,0.011498851553719236,<raw-result-omitted>
tfim,late5,1600,0.01,11,12,0.011333068827195505,<raw-result-omitted>
tfim,late5,1600,0.01,12,13,0.011548944655924652,<raw-result-omitted>
tfim,late5,1600,0.01,13,14,0.011649482259802956,<raw-result-omitted>
tfim,late5,1600,0.01,14,15,0.011244960409426609,<raw-result-omitted>
tfim,late5,1600,0.01,15,16,0.011488090913900068,<raw-result-omitted>
tfim,late5,1600,0.01,16,17,0.01133981468525599,<raw-result-omitted>
tfim,late5,1600,0.01,17,18,0.011289804209375726,<raw-result-omitted>
tfim,late5,1600,0.01,18,19,0.011224587202990001,<raw-result-omitted>
tfim,late5,1600,0.01,19,20,0.011431210344098917,<raw-result-omitted>
tfim,late5,1600,0.1,0,1,0.011437500110109609,<raw-result-omitted>
tfim,late5,1600,0.1,1,2,0.011363355193643159,<raw-result-omitted>
tfim,late5,1600,0.1,2,3,0.011452250943735805,<raw-result-omitted>
tfim,late5,1600,0.1,3,4,0.011498144315581712,<raw-result-omitted>
tfim,late5,1600,0.1,4,5,0.011518018718058536,<raw-result-omitted>
tfim,late5,1600,0.1,5,6,0.01152056441237162,<raw-result-omitted>
tfim,late5,1600,0.1,6,7,0.011593993322465985,<raw-result-omitted>
tfim,late5,1600,0.1,7,8,0.01137241096050564,<raw-result-omitted>
tfim,late5,1600,0.1,8,9,0.011843974680859097,<raw-result-omitted>
tfim,late5,1600,0.1,9,10,0.0113054667428233,<raw-result-omitted>
tfim,late5,1600,0.1,10,11,0.011623320481374422,<raw-result-omitted>
tfim,late5,1600,0.1,11,12,0.011837888974833125,<raw-result-omitted>
tfim,late5,1600,0.1,12,13,0.011589360933744417,<raw-result-omitted>
tfim,late5,1600,0.1,13,14,0.011538010579357253,<raw-result-omitted>
tfim,late5,1600,0.1,14,15,0.01150318827796526,<raw-result-omitted>
tfim,late5,1600,0.1,15,16,0.011714654194121724,<raw-result-omitted>
tfim,late5,1600,0.1,16,17,0.011456417432962291,<raw-result-omitted>
tfim,late5,1600,0.1,17,18,0.01129769742086508,<raw-result-omitted>
tfim,late5,1600,0.1,18,19,0.011416664948814392,<raw-result-omitted>
tfim,late5,1600,0.1,19,20,0.011604923999187205,<raw-result-omitted>
tfim,late5,1700,1e-08,0,1,0.010228765547010483,<raw-result-omitted>
tfim,late5,1700,1e-08,1,2,0.009691823426663158,<raw-result-omitted>
tfim,late5,1700,1e-08,2,3,0.009994333017841667,<raw-result-omitted>
tfim,late5,1700,1e-08,3,4,0.009936021206025186,<raw-result-omitted>
tfim,late5,1700,1e-08,4,5,0.00989273819857428,<raw-result-omitted>
tfim,late5,1700,1e-08,5,6,0.009712760485056478,<raw-result-omitted>
tfim,late5,1700,1e-08,6,7,0.009687880740223177,<raw-result-omitted>
tfim,late5,1700,1e-08,7,8,0.010108360655613541,<raw-result-omitted>
tfim,late5,1700,1e-08,8,9,0.00990190940950482,<raw-result-omitted>
tfim,late5,1700,1e-08,9,10,0.009748481411048865,<raw-result-omitted>
tfim,late5,1700,1e-08,10,11,0.009803017147056316,<raw-result-omitted>
tfim,late5,1700,1e-08,11,12,0.009678013907900268,<raw-result-omitted>
tfim,late5,1700,1e-08,12,13,0.009906952869140366,<raw-result-omitted>
tfim,late5,1700,1e-08,13,14,0.009592992196357626,<raw-result-omitted>
tfim,late5,1700,1e-08,14,15,0.00961645836642389,<raw-result-omitted>
tfim,late5,1700,1e-08,15,16,0.009627767522276742,<raw-result-omitted>
tfim,late5,1700,1e-08,16,17,0.009681041403305963,<raw-result-omitted>
tfim,late5,1700,1e-08,17,18,0.00992774835865962,<raw-result-omitted>
tfim,late5,1700,1e-08,18,19,0.009601021560593377,<raw-result-omitted>
tfim,late5,1700,1e-08,19,20,0.009636610820277537,<raw-result-omitted>
tfim,late5,1700,1e-07,0,1,0.009794018933078123,<raw-result-omitted>
tfim,late5,1700,1e-07,1,2,0.009418781292479238,<raw-result-omitted>
tfim,late5,1700,1e-07,2,3,0.009743937948806111,<raw-result-omitted>
tfim,late5,1700,1e-07,3,4,0.009661793668925885,<raw-result-omitted>
tfim,late5,1700,1e-07,4,5,0.009524038128144757,<raw-result-omitted>
tfim,late5,1700,1e-07,5,6,0.009462399644485562,<raw-result-omitted>
tfim,late5,1700,1e-07,6,7,0.009521119706869807,<raw-result-omitted>
tfim,late5,1700,1e-07,7,8,0.00979609959368103,<raw-result-omitted>
tfim,late5,1700,1e-07,8,9,0.009596574511914098,<raw-result-omitted>
tfim,late5,1700,1e-07,9,10,0.009489628692499608,<raw-result-omitted>
tfim,late5,1700,1e-07,10,11,0.009571038855760362,<raw-result-omitted>
tfim,late5,1700,1e-07,11,12,0.00943806071883362,<raw-result-omitted>
tfim,late5,1700,1e-07,12,13,0.009651166385318804,<raw-result-omitted>
tfim,late5,1700,1e-07,13,14,0.009309279821888904,<raw-result-omitted>
tfim,late5,1700,1e-07,14,15,0.009355331236543163,<raw-result-omitted>
tfim,late5,1700,1e-07,15,16,0.00935771577379047,<raw-result-omitted>
tfim,late5,1700,1e-07,16,17,0.009416535524747447,<raw-result-omitted>
tfim,late5,1700,1e-07,17,18,0.009602158949944041,<raw-result-omitted>
tfim,late5,1700,1e-07,18,19,0.009366452653897586,<raw-result-omitted>
tfim,late5,1700,1e-07,19,20,0.009378504234197511,<raw-result-omitted>
tfim,late5,1700,1e-06,0,1,0.008355546659239264,<raw-result-omitted>
tfim,late5,1700,1e-06,1,2,0.008055064938477751,<raw-result-omitted>
tfim,late5,1700,1e-06,2,3,0.008414649908681874,<raw-result-omitted>
tfim,late5,1700,1e-06,3,4,0.008249675261431853,<raw-result-omitted>
tfim,late5,1700,1e-06,4,5,0.00829069056173614,<raw-result-omitted>
tfim,late5,1700,1e-06,5,6,0.008051915972989813,<raw-result-omitted>
tfim,late5,1700,1e-06,6,7,0.008076776890101549,<raw-result-omitted>
tfim,late5,1700,1e-06,7,8,0.00826174698170387,<raw-result-omitted>
tfim,late5,1700,1e-06,8,9,0.008209094003893908,<raw-result-omitted>
tfim,late5,1700,1e-06,9,10,0.008118755722901824,<raw-result-omitted>
tfim,late5,1700,1e-06,10,11,0.008049815545902722,<raw-result-omitted>
tfim,late5,1700,1e-06,11,12,0.008160501258830277,<raw-result-omitted>
tfim,late5,1700,1e-06,12,13,0.008325194059815175,<raw-result-omitted>
tfim,late5,1700,1e-06,13,14,0.007915776500571466,<raw-result-omitted>
tfim,late5,1700,1e-06,14,15,0.008029419264447696,<raw-result-omitted>
tfim,late5,1700,1e-06,15,16,0.008133776987702308,<raw-result-omitted>
tfim,late5,1700,1e-06,16,17,0.008131175306899868,<raw-result-omitted>
tfim,late5,1700,1e-06,17,18,0.008219714887646189,<raw-result-omitted>
tfim,late5,1700,1e-06,18,19,0.008169895316078993,<raw-result-omitted>
tfim,late5,1700,1e-06,19,20,0.008207337426847948,<raw-result-omitted>
tfim,late5,1700,1e-05,0,1,0.009117554971327914,<raw-result-omitted>
tfim,late5,1700,1e-05,1,2,0.008717266748212101,<raw-result-omitted>
tfim,late5,1700,1e-05,2,3,0.009063262452810958,<raw-result-omitted>
tfim,late5,1700,1e-05,3,4,0.008759514320727637,<raw-result-omitted>
tfim,late5,1700,1e-05,4,5,0.009038408680420683,<raw-result-omitted>
tfim,late5,1700,1e-05,5,6,0.008576927800550938,<raw-result-omitted>
tfim,late5,1700,1e-05,6,7,0.008771416588504666,<raw-result-omitted>
tfim,late5,1700,1e-05,7,8,0.008865524977166297,<raw-result-omitted>
tfim,late5,1700,1e-05,8,9,0.008825740193853491,<raw-result-omitted>
tfim,late5,1700,1e-05,9,10,0.008727799219299514,<raw-result-omitted>
tfim,late5,1700,1e-05,10,11,0.008674915366573104,<raw-result-omitted>
tfim,late5,1700,1e-05,11,12,0.00886702688645509,<raw-result-omitted>
tfim,late5,1700,1e-05,12,13,0.009031191736166004,<raw-result-omitted>
tfim,late5,1700,1e-05,13,14,0.008597289224445432,<raw-result-omitted>
tfim,late5,1700,1e-05,14,15,0.008684564434269508,<raw-result-omitted>
tfim,late5,1700,1e-05,15,16,0.00893641235282611,<raw-result-omitted>
tfim,late5,1700,1e-05,16,17,0.008891474194767823,<raw-result-omitted>
tfim,late5,1700,1e-05,17,18,0.008704601999148463,<raw-result-omitted>
tfim,late5,1700,1e-05,18,19,0.008864724555848889,<raw-result-omitted>
tfim,late5,1700,1e-05,19,20,0.008873475577899324,<raw-result-omitted>
tfim,late5,1700,0.0001,0,1,0.009895059385842743,<raw-result-omitted>
tfim,late5,1700,0.0001,1,2,0.009933969814414603,<raw-result-omitted>
tfim,late5,1700,0.0001,2,3,0.009756108589847367,<raw-result-omitted>
tfim,late5,1700,0.0001,3,4,0.00950391067288479,<raw-result-omitted>
tfim,late5,1700,0.0001,4,5,0.009981152470072741,<raw-result-omitted>
tfim,late5,1700,0.0001,5,6,0.009469657344555193,<raw-result-omitted>
tfim,late5,1700,0.0001,6,7,0.009524990090026633,<raw-result-omitted>
tfim,late5,1700,0.0001,7,8,0.009657556826725335,<raw-result-omitted>
tfim,late5,1700,0.0001,8,9,0.00957989618085155,<raw-result-omitted>
tfim,late5,1700,0.0001,9,10,0.009578046865089805,<raw-result-omitted>
tfim,late5,1700,0.0001,10,11,0.009509149376357912,<raw-result-omitted>
tfim,late5,1700,0.0001,11,12,0.009803002985138021,<raw-result-omitted>
tfim,late5,1700,0.0001,12,13,0.009810534144231643,<raw-result-omitted>
tfim,late5,1700,0.0001,13,14,0.009457509562564755,<raw-result-omitted>
tfim,late5,1700,0.0001,14,15,0.009361251574390276,<raw-result-omitted>
tfim,late5,1700,0.0001,15,16,0.00977455177300756,<raw-result-omitted>
tfim,late5,1700,0.0001,16,17,0.009619477454986616,<raw-result-omitted>
tfim,late5,1700,0.0001,17,18,0.009530864866482008,<raw-result-omitted>
tfim,late5,1700,0.0001,18,19,0.009878341602825913,<raw-result-omitted>
tfim,late5,1700,0.0001,19,20,0.009794290036455166,<raw-result-omitted>
tfim,late5,1700,0.001,0,1,0.010592855959694746,<raw-result-omitted>
tfim,late5,1700,0.001,1,2,0.011227763418584568,<raw-result-omitted>
tfim,late5,1700,0.001,2,3,0.010537728569297394,<raw-result-omitted>
tfim,late5,1700,0.001,3,4,0.01034239290519455,<raw-result-omitted>
tfim,late5,1700,0.001,4,5,0.010818087964779642,<raw-result-omitted>
tfim,late5,1700,0.001,5,6,0.010463159538528432,<raw-result-omitted>
tfim,late5,1700,0.001,6,7,0.01023971032470106,<raw-result-omitted>
tfim,late5,1700,0.001,7,8,0.010582084103528313,<raw-result-omitted>
tfim,late5,1700,0.001,8,9,0.010356413316439217,<raw-result-omitted>
tfim,late5,1700,0.001,9,10,0.01029920634310825,<raw-result-omitted>
tfim,late5,1700,0.001,10,11,0.01032112586956799,<raw-result-omitted>
tfim,late5,1700,0.001,11,12,0.010694751060588654,<raw-result-omitted>
tfim,late5,1700,0.001,12,13,0.010651063030989609,<raw-result-omitted>
tfim,late5,1700,0.001,13,14,0.010317766069002926,<raw-result-omitted>
tfim,late5,1700,0.001,14,15,0.009966806322367072,<raw-result-omitted>
tfim,late5,1700,0.001,15,16,0.010441539439018935,<raw-result-omitted>
tfim,late5,1700,0.001,16,17,0.010310243444540127,<raw-result-omitted>
tfim,late5,1700,0.001,17,18,0.010471531882699364,<raw-result-omitted>
tfim,late5,1700,0.001,18,19,0.0107786530703547,<raw-result-omitted>
tfim,late5,1700,0.001,19,20,0.010580576346874131,<raw-result-omitted>
tfim,late5,1700,0.01,0,1,0.01104588866299151,<raw-result-omitted>
tfim,late5,1700,0.01,1,2,0.011791259536002335,<raw-result-omitted>
tfim,late5,1700,0.01,2,3,0.011110215959492784,<raw-result-omitted>
tfim,late5,1700,0.01,3,4,0.010864115717603257,<raw-result-omitted>
tfim,late5,1700,0.01,4,5,0.011361068224540078,<raw-result-omitted>
tfim,late5,1700,0.01,5,6,0.010893725527884823,<raw-result-omitted>
tfim,late5,1700,0.01,6,7,0.010683267629205687,<raw-result-omitted>
tfim,late5,1700,0.01,7,8,0.011100006930068556,<raw-result-omitted>
tfim,late5,1700,0.01,8,9,0.010952020146511249,<raw-result-omitted>
tfim,late5,1700,0.01,9,10,0.01076775235565764,<raw-result-omitted>
tfim,late5,1700,0.01,10,11,0.011037880196706751,<raw-result-omitted>
tfim,late5,1700,0.01,11,12,0.011223025443889957,<raw-result-omitted>
tfim,late5,1700,0.01,12,13,0.011074802310952753,<raw-result-omitted>
tfim,late5,1700,0.01,13,14,0.010787344356542609,<raw-result-omitted>
tfim,late5,1700,0.01,14,15,0.010415127674410093,<raw-result-omitted>
tfim,late5,1700,0.01,15,16,0.010859509986430177,<raw-result-omitted>
tfim,late5,1700,0.01,16,17,0.010870337481021633,<raw-result-omitted>
tfim,late5,1700,0.01,17,18,0.01101607972310405,<raw-result-omitted>
tfim,late5,1700,0.01,18,19,0.011259091873113771,<raw-result-omitted>
tfim,late5,1700,0.01,19,20,0.010881729786221747,<raw-result-omitted>
tfim,late5,1700,0.1,0,1,0.011230774884898716,<raw-result-omitted>
tfim,late5,1700,0.1,1,2,0.011367334913331074,<raw-result-omitted>
tfim,late5,1700,0.1,2,3,0.011213582313448453,<raw-result-omitted>
tfim,late5,1700,0.1,3,4,0.01109225647363504,<raw-result-omitted>
tfim,late5,1700,0.1,4,5,0.011323745872361946,<raw-result-omitted>
tfim,late5,1700,0.1,5,6,0.01110541890681916,<raw-result-omitted>
tfim,late5,1700,0.1,6,7,0.011054421828435471,<raw-result-omitted>
tfim,late5,1700,0.1,7,8,0.01117796188524376,<raw-result-omitted>
tfim,late5,1700,0.1,8,9,0.011148406866003484,<raw-result-omitted>
tfim,late5,1700,0.1,9,10,0.010993841485911378,<raw-result-omitted>
tfim,late5,1700,0.1,10,11,0.01121411136706051,<raw-result-omitted>
tfim,late5,1700,0.1,11,12,0.011347829663434117,<raw-result-omitted>
tfim,late5,1700,0.1,12,13,0.01114299844731527,<raw-result-omitted>
tfim,late5,1700,0.1,13,14,0.011009042024219678,<raw-result-omitted>
tfim,late5,1700,0.1,14,15,0.01078943103786952,<raw-result-omitted>
tfim,late5,1700,0.1,15,16,0.010994764200087399,<raw-result-omitted>
tfim,late5,1700,0.1,16,17,0.011198810945175771,<raw-result-omitted>
tfim,late5,1700,0.1,17,18,0.011185839973771133,<raw-result-omitted>
tfim,late5,1700,0.1,18,19,0.011252001421907295,<raw-result-omitted>
tfim,late5,1700,0.1,19,20,0.010908982804342299,<raw-result-omitted>
tfim,late5,1800,1e-08,0,1,0.00901488260081195,<raw-result-omitted>
tfim,late5,1800,1e-08,1,2,0.009272967914245586,<raw-result-omitted>
tfim,late5,1800,1e-08,2,3,0.009220829794539278,<raw-result-omitted>
tfim,late5,1800,1e-08,3,4,0.009116598908657028,<raw-result-omitted>
tfim,late5,1800,1e-08,4,5,0.009447259306277114,<raw-result-omitted>
tfim,late5,1800,1e-08,5,6,0.009089811966463171,<raw-result-omitted>
tfim,late5,1800,1e-08,6,7,0.008902044849697803,<raw-result-omitted>
tfim,late5,1800,1e-08,7,8,0.00929984672378548,<raw-result-omitted>
tfim,late5,1800,1e-08,8,9,0.009314655314970645,<raw-result-omitted>
tfim,late5,1800,1e-08,9,10,0.008788407762239814,<raw-result-omitted>
tfim,late5,1800,1e-08,10,11,0.009225573025779633,<raw-result-omitted>
tfim,late5,1800,1e-08,11,12,0.009382243446561352,<raw-result-omitted>
tfim,late5,1800,1e-08,12,13,0.00949353320740539,<raw-result-omitted>
tfim,late5,1800,1e-08,13,14,0.009208162935265905,<raw-result-omitted>
tfim,late5,1800,1e-08,14,15,0.009264628334095231,<raw-result-omitted>
tfim,late5,1800,1e-08,15,16,0.009081943342335391,<raw-result-omitted>
tfim,late5,1800,1e-08,16,17,0.009586017026785566,<raw-result-omitted>
tfim,late5,1800,1e-08,17,18,0.00937833147627535,<raw-result-omitted>
tfim,late5,1800,1e-08,18,19,0.009689058782916957,<raw-result-omitted>
tfim,late5,1800,1e-08,19,20,0.009281552400573087,<raw-result-omitted>
tfim,late5,1800,1e-07,0,1,0.00872777248463067,<raw-result-omitted>
tfim,late5,1800,1e-07,1,2,0.00902183625460748,<raw-result-omitted>
tfim,late5,1800,1e-07,2,3,0.008982538497147773,<raw-result-omitted>
tfim,late5,1800,1e-07,3,4,0.00883882310350434,<raw-result-omitted>
tfim,late5,1800,1e-07,4,5,0.009208725420708818,<raw-result-omitted>
tfim,late5,1800,1e-07,5,6,0.008779977901013192,<raw-result-omitted>
tfim,late5,1800,1e-07,6,7,0.008646240683987451,<raw-result-omitted>
tfim,late5,1800,1e-07,7,8,0.008995506291136345,<raw-result-omitted>
tfim,late5,1800,1e-07,8,9,0.00905196450178164,<raw-result-omitted>
tfim,late5,1800,1e-07,9,10,0.0084369897916351,<raw-result-omitted>
tfim,late5,1800,1e-07,10,11,0.009090865042850955,<raw-result-omitted>
tfim,late5,1800,1e-07,11,12,0.009071763235723507,<raw-result-omitted>
tfim,late5,1800,1e-07,12,13,0.009283982563175943,<raw-result-omitted>
tfim,late5,1800,1e-07,13,14,0.008917226153016305,<raw-result-omitted>
tfim,late5,1800,1e-07,14,15,0.008965142062235806,<raw-result-omitted>
tfim,late5,1800,1e-07,15,16,0.008872529631183405,<raw-result-omitted>
tfim,late5,1800,1e-07,16,17,0.009233287318740142,<raw-result-omitted>
tfim,late5,1800,1e-07,17,18,0.009151288076924669,<raw-result-omitted>
tfim,late5,1800,1e-07,18,19,0.009372467930121003,<raw-result-omitted>
tfim,late5,1800,1e-07,19,20,0.008962763548537886,<raw-result-omitted>
tfim,late5,1800,1e-06,0,1,0.007521831948440879,<raw-result-omitted>
tfim,late5,1800,1e-06,1,2,0.0077539171562448885,<raw-result-omitted>
tfim,late5,1800,1e-06,2,3,0.007755371935454136,<raw-result-omitted>
tfim,late5,1800,1e-06,3,4,0.007741637733328645,<raw-result-omitted>
tfim,late5,1800,1e-06,4,5,0.007920454029075534,<raw-result-omitted>
tfim,late5,1800,1e-06,5,6,0.007632362810934575,<raw-result-omitted>
tfim,late5,1800,1e-06,6,7,0.007471621873238369,<raw-result-omitted>
tfim,late5,1800,1e-06,7,8,0.007836507230251276,<raw-result-omitted>
tfim,late5,1800,1e-06,8,9,0.007827157269484018,<raw-result-omitted>
tfim,late5,1800,1e-06,9,10,0.007455035629494528,<raw-result-omitted>
tfim,late5,1800,1e-06,10,11,0.007639293692963406,<raw-result-omitted>
tfim,late5,1800,1e-06,11,12,0.007829647406478374,<raw-result-omitted>
tfim,late5,1800,1e-06,12,13,0.007931683222479356,<raw-result-omitted>
tfim,late5,1800,1e-06,13,14,0.007711819526746445,<raw-result-omitted>
tfim,late5,1800,1e-06,14,15,0.0077075086690801,<raw-result-omitted>
tfim,late5,1800,1e-06,15,16,0.0076642788920190455,<raw-result-omitted>
tfim,late5,1800,1e-06,16,17,0.007883291402682357,<raw-result-omitted>
tfim,late5,1800,1e-06,17,18,0.007747867023448185,<raw-result-omitted>
tfim,late5,1800,1e-06,18,19,0.007914292453037328,<raw-result-omitted>
tfim,late5,1800,1e-06,19,20,0.0076378618689457575,<raw-result-omitted>
tfim,late5,1800,1e-05,0,1,0.008244531566268545,<raw-result-omitted>
tfim,late5,1800,1e-05,1,2,0.00831062140368029,<raw-result-omitted>
tfim,late5,1800,1e-05,2,3,0.008372910835652891,<raw-result-omitted>
tfim,late5,1800,1e-05,3,4,0.008557585811367192,<raw-result-omitted>
tfim,late5,1800,1e-05,4,5,0.008512164462777975,<raw-result-omitted>
tfim,late5,1800,1e-05,5,6,0.008357315376708838,<raw-result-omitted>
tfim,late5,1800,1e-05,6,7,0.008117497341270572,<raw-result-omitted>
tfim,late5,1800,1e-05,7,8,0.008279938928520015,<raw-result-omitted>
tfim,late5,1800,1e-05,8,9,0.008294164284088397,<raw-result-omitted>
tfim,late5,1800,1e-05,9,10,0.008187161394114566,<raw-result-omitted>
tfim,late5,1800,1e-05,10,11,0.008264768594815036,<raw-result-omitted>
tfim,late5,1800,1e-05,11,12,0.008463861456027927,<raw-result-omitted>
tfim,late5,1800,1e-05,12,13,0.008466914188078946,<raw-result-omitted>
tfim,late5,1800,1e-05,13,14,0.00851178851294333,<raw-result-omitted>
tfim,late5,1800,1e-05,14,15,0.00823404683424581,<raw-result-omitted>
tfim,late5,1800,1e-05,15,16,0.00822294907600572,<raw-result-omitted>
tfim,late5,1800,1e-05,16,17,0.008361304978708805,<raw-result-omitted>
tfim,late5,1800,1e-05,17,18,0.008376605865986115,<raw-result-omitted>
tfim,late5,1800,1e-05,18,19,0.008518817154633263,<raw-result-omitted>
tfim,late5,1800,1e-05,19,20,0.008277954183669533,<raw-result-omitted>
tfim,late5,1800,0.0001,0,1,0.009341681805351514,<raw-result-omitted>
tfim,late5,1800,0.0001,1,2,0.008983927438469924,<raw-result-omitted>
tfim,late5,1800,0.0001,2,3,0.009135692719251326,<raw-result-omitted>
tfim,late5,1800,0.0001,3,4,0.0095681742910535,<raw-result-omitted>
tfim,late5,1800,0.0001,4,5,0.009301920598433024,<raw-result-omitted>
tfim,late5,1800,0.0001,5,6,0.009391156234886087,<raw-result-omitted>
tfim,late5,1800,0.0001,6,7,0.00877348523907203,<raw-result-omitted>
tfim,late5,1800,0.0001,7,8,0.009061376336057712,<raw-result-omitted>
tfim,late5,1800,0.0001,8,9,0.009119826529387056,<raw-result-omitted>
tfim,late5,1800,0.0001,9,10,0.008963820046635297,<raw-result-omitted>
tfim,late5,1800,0.0001,10,11,0.009217722509549098,<raw-result-omitted>
tfim,late5,1800,0.0001,11,12,0.009208034530287278,<raw-result-omitted>
tfim,late5,1800,0.0001,12,13,0.009305137831779334,<raw-result-omitted>
tfim,late5,1800,0.0001,13,14,0.009372319744443974,<raw-result-omitted>
tfim,late5,1800,0.0001,14,15,0.009117188146300208,<raw-result-omitted>
tfim,late5,1800,0.0001,15,16,0.00893156351731865,<raw-result-omitted>
tfim,late5,1800,0.0001,16,17,0.00910224110729467,<raw-result-omitted>
tfim,late5,1800,0.0001,17,18,0.009181391416821701,<raw-result-omitted>
tfim,late5,1800,0.0001,18,19,0.009279383778353356,<raw-result-omitted>
tfim,late5,1800,0.0001,19,20,0.009157155169079757,<raw-result-omitted>
tfim,late5,1800,0.001,0,1,0.010449621259949658,<raw-result-omitted>
tfim,late5,1800,0.001,1,2,0.009598104546143921,<raw-result-omitted>
tfim,late5,1800,0.001,2,3,0.009847266658639713,<raw-result-omitted>
tfim,late5,1800,0.001,3,4,0.010560220783613013,<raw-result-omitted>
tfim,late5,1800,0.001,4,5,0.010149433341834707,<raw-result-omitted>
tfim,late5,1800,0.001,5,6,0.010298210845331215,<raw-result-omitted>
tfim,late5,1800,0.001,6,7,0.00947949559421514,<raw-result-omitted>
tfim,late5,1800,0.001,7,8,0.009938524853970954,<raw-result-omitted>
tfim,late5,1800,0.001,8,9,0.010053648348513354,<raw-result-omitted>
tfim,late5,1800,0.001,9,10,0.009697970901542083,<raw-result-omitted>
tfim,late5,1800,0.001,10,11,0.010195989500268758,<raw-result-omitted>
tfim,late5,1800,0.001,11,12,0.010103340216925064,<raw-result-omitted>
tfim,late5,1800,0.001,12,13,0.010234460801175883,<raw-result-omitted>
tfim,late5,1800,0.001,13,14,0.010211032288149577,<raw-result-omitted>
tfim,late5,1800,0.001,14,15,0.010038710359811551,<raw-result-omitted>
tfim,late5,1800,0.001,15,16,0.009964868440116724,<raw-result-omitted>
tfim,late5,1800,0.001,16,17,0.009990478361527284,<raw-result-omitted>
tfim,late5,1800,0.001,17,18,0.010027288378023275,<raw-result-omitted>
tfim,late5,1800,0.001,18,19,0.010111852080629204,<raw-result-omitted>
tfim,late5,1800,0.001,19,20,0.010023395631809713,<raw-result-omitted>
tfim,late5,1800,0.01,0,1,0.01105173864601155,<raw-result-omitted>
tfim,late5,1800,0.01,1,2,0.010237184543361352,<raw-result-omitted>
tfim,late5,1800,0.01,2,3,0.010487722150366967,<raw-result-omitted>
tfim,late5,1800,0.01,3,4,0.011191553334018372,<raw-result-omitted>
tfim,late5,1800,0.01,4,5,0.01043626535988837,<raw-result-omitted>
tfim,late5,1800,0.01,5,6,0.010769664719424706,<raw-result-omitted>
tfim,late5,1800,0.01,6,7,0.010048319573078826,<raw-result-omitted>
tfim,late5,1800,0.01,7,8,0.010612727235056508,<raw-result-omitted>
tfim,late5,1800,0.01,8,9,0.010724178818339118,<raw-result-omitted>
tfim,late5,1800,0.01,9,10,0.010426489149274888,<raw-result-omitted>
tfim,late5,1800,0.01,10,11,0.010559535058103125,<raw-result-omitted>
tfim,late5,1800,0.01,11,12,0.010521156591652545,<raw-result-omitted>
tfim,late5,1800,0.01,12,13,0.010733287035706744,<raw-result-omitted>
tfim,late5,1800,0.01,13,14,0.010855526610803471,<raw-result-omitted>
tfim,late5,1800,0.01,14,15,0.010610751594620361,<raw-result-omitted>
tfim,late5,1800,0.01,15,16,0.010565553447919651,<raw-result-omitted>
tfim,late5,1800,0.01,16,17,0.010500751636926646,<raw-result-omitted>
tfim,late5,1800,0.01,17,18,0.010613387572363507,<raw-result-omitted>
tfim,late5,1800,0.01,18,19,0.010568021121140506,<raw-result-omitted>
tfim,late5,1800,0.01,19,20,0.01042215019178744,<raw-result-omitted>
tfim,late5,1800,0.1,0,1,0.010782342566478509,<raw-result-omitted>
tfim,late5,1800,0.1,1,2,0.010517219201291096,<raw-result-omitted>
tfim,late5,1800,0.1,2,3,0.010778002082510596,<raw-result-omitted>
tfim,late5,1800,0.1,3,4,0.01126380230690939,<raw-result-omitted>
tfim,late5,1800,0.1,4,5,0.010487025015003162,<raw-result-omitted>
tfim,late5,1800,0.1,5,6,0.010651458444163023,<raw-result-omitted>
tfim,late5,1800,0.1,6,7,0.01044279549640418,<raw-result-omitted>
tfim,late5,1800,0.1,7,8,0.010757141879865432,<raw-result-omitted>
tfim,late5,1800,0.1,8,9,0.01076742847506252,<raw-result-omitted>
tfim,late5,1800,0.1,9,10,0.010792722753978672,<raw-result-omitted>
tfim,late5,1800,0.1,10,11,0.01062494475943621,<raw-result-omitted>
tfim,late5,1800,0.1,11,12,0.010614163601539005,<raw-result-omitted>
tfim,late5,1800,0.1,12,13,0.01063299689374065,<raw-result-omitted>
tfim,late5,1800,0.1,13,14,0.010894365155578869,<raw-result-omitted>
tfim,late5,1800,0.1,14,15,0.010649718183268174,<raw-result-omitted>
tfim,late5,1800,0.1,15,16,0.010601079201345148,<raw-result-omitted>
tfim,late5,1800,0.1,16,17,0.010607403830860916,<raw-result-omitted>
tfim,late5,1800,0.1,17,18,0.010698761327659997,<raw-result-omitted>
tfim,late5,1800,0.1,18,19,0.0107469476577505,<raw-result-omitted>
tfim,late5,1800,0.1,19,20,0.010504594136529991,<raw-result-omitted>
tfim,late5,1900,1e-08,0,1,0.008676186511230293,<raw-result-omitted>
tfim,late5,1900,1e-08,1,2,0.008796986548527551,<raw-result-omitted>
tfim,late5,1900,1e-08,2,3,0.008890881791812428,<raw-result-omitted>
tfim,late5,1900,1e-08,3,4,0.00866859039264726,<raw-result-omitted>
tfim,late5,1900,1e-08,4,5,0.008830141760492238,<raw-result-omitted>
tfim,late5,1900,1e-08,5,6,0.008697435678845268,<raw-result-omitted>
tfim,late5,1900,1e-08,6,7,0.008450704882972969,<raw-result-omitted>
tfim,late5,1900,1e-08,7,8,0.008773345909712953,<raw-result-omitted>
tfim,late5,1900,1e-08,8,9,0.009006257652787349,<raw-result-omitted>
tfim,late5,1900,1e-08,9,10,0.009101462601238291,<raw-result-omitted>
tfim,late5,1900,1e-08,10,11,0.008700559272618154,<raw-result-omitted>
tfim,late5,1900,1e-08,11,12,0.00850699704276708,<raw-result-omitted>
tfim,late5,1900,1e-08,12,13,0.008991878851091085,<raw-result-omitted>
tfim,late5,1900,1e-08,13,14,0.009017102387937934,<raw-result-omitted>
tfim,late5,1900,1e-08,14,15,0.008861074173481365,<raw-result-omitted>
tfim,late5,1900,1e-08,15,16,0.008709550994834475,<raw-result-omitted>
tfim,late5,1900,1e-08,16,17,0.008505057954542029,<raw-result-omitted>
tfim,late5,1900,1e-08,17,18,0.00861112340747744,<raw-result-omitted>
tfim,late5,1900,1e-08,18,19,0.008521909361843837,<raw-result-omitted>
tfim,late5,1900,1e-08,19,20,0.008777409318330081,<raw-result-omitted>
tfim,late5,1900,1e-07,0,1,0.00840826745575603,<raw-result-omitted>
tfim,late5,1900,1e-07,1,2,0.008621005723134803,<raw-result-omitted>
tfim,late5,1900,1e-07,2,3,0.00864583497993062,<raw-result-omitted>
tfim,late5,1900,1e-07,3,4,0.008405985431206579,<raw-result-omitted>
tfim,late5,1900,1e-07,4,5,0.008580875613832296,<raw-result-omitted>
tfim,late5,1900,1e-07,5,6,0.008378625402036242,<raw-result-omitted>
tfim,late5,1900,1e-07,6,7,0.008144726992903053,<raw-result-omitted>
tfim,late5,1900,1e-07,7,8,0.008589844879094859,<raw-result-omitted>
tfim,late5,1900,1e-07,8,9,0.008715189196703953,<raw-result-omitted>
tfim,late5,1900,1e-07,9,10,0.008924321000207732,<raw-result-omitted>
tfim,late5,1900,1e-07,10,11,0.008431735088595519,<raw-result-omitted>
tfim,late5,1900,1e-07,11,12,0.00821867988992982,<raw-result-omitted>
tfim,late5,1900,1e-07,12,13,0.008644545325724094,<raw-result-omitted>
tfim,late5,1900,1e-07,13,14,0.008809254249847819,<raw-result-omitted>
tfim,late5,1900,1e-07,14,15,0.008563523276473878,<raw-result-omitted>
tfim,late5,1900,1e-07,15,16,0.008442704239497903,<raw-result-omitted>
tfim,late5,1900,1e-07,16,17,0.008299212614624043,<raw-result-omitted>
tfim,late5,1900,1e-07,17,18,0.008414476301561613,<raw-result-omitted>
tfim,late5,1900,1e-07,18,19,0.008269360377332183,<raw-result-omitted>
tfim,late5,1900,1e-07,19,20,0.008539295186982604,<raw-result-omitted>
tfim,late5,1900,1e-06,0,1,0.00722677164134135,<raw-result-omitted>
tfim,late5,1900,1e-06,1,2,0.007430453106486733,<raw-result-omitted>
tfim,late5,1900,1e-06,2,3,0.007340951788260537,<raw-result-omitted>
tfim,late5,1900,1e-06,3,4,0.007191132799536009,<raw-result-omitted>
tfim,late5,1900,1e-06,4,5,0.007266570526950006,<raw-result-omitted>
tfim,late5,1900,1e-06,5,6,0.00726793628909031,<raw-result-omitted>
tfim,late5,1900,1e-06,6,7,0.007037387004151931,<raw-result-omitted>
tfim,late5,1900,1e-06,7,8,0.007297054818596247,<raw-result-omitted>
tfim,late5,1900,1e-06,8,9,0.007406414706088122,<raw-result-omitted>
tfim,late5,1900,1e-06,9,10,0.007529784816606041,<raw-result-omitted>
tfim,late5,1900,1e-06,10,11,0.007207269016567566,<raw-result-omitted>
tfim,late5,1900,1e-06,11,12,0.007211167338081874,<raw-result-omitted>
tfim,late5,1900,1e-06,12,13,0.007324265302133074,<raw-result-omitted>
tfim,late5,1900,1e-06,13,14,0.007572386473777129,<raw-result-omitted>
tfim,late5,1900,1e-06,14,15,0.007294386186696032,<raw-result-omitted>
tfim,late5,1900,1e-06,15,16,0.007257142693884473,<raw-result-omitted>
tfim,late5,1900,1e-06,16,17,0.007120721850452749,<raw-result-omitted>
tfim,late5,1900,1e-06,17,18,0.007136811672552092,<raw-result-omitted>
tfim,late5,1900,1e-06,18,19,0.007147231670811551,<raw-result-omitted>
tfim,late5,1900,1e-06,19,20,0.007345022020689729,<raw-result-omitted>
tfim,late5,1900,1e-05,0,1,0.0076800277981025865,<raw-result-omitted>
tfim,late5,1900,1e-05,1,2,0.008022352856029969,<raw-result-omitted>
tfim,late5,1900,1e-05,2,3,0.008020005323748393,<raw-result-omitted>
tfim,late5,1900,1e-05,3,4,0.007651285867881575,<raw-result-omitted>
tfim,late5,1900,1e-05,4,5,0.007952321081733753,<raw-result-omitted>
tfim,late5,1900,1e-05,5,6,0.007759504672276476,<raw-result-omitted>
tfim,late5,1900,1e-05,6,7,0.007806492359226428,<raw-result-omitted>
tfim,late5,1900,1e-05,7,8,0.0077880160882517445,<raw-result-omitted>
tfim,late5,1900,1e-05,8,9,0.008142023295601207,<raw-result-omitted>
tfim,late5,1900,1e-05,9,10,0.008070294223574893,<raw-result-omitted>
tfim,late5,1900,1e-05,10,11,0.0077432966491567355,<raw-result-omitted>
tfim,late5,1900,1e-05,11,12,0.007816743774859917,<raw-result-omitted>
tfim,late5,1900,1e-05,12,13,0.007889275805059692,<raw-result-omitted>
tfim,late5,1900,1e-05,13,14,0.008048185036541098,<raw-result-omitted>
tfim,late5,1900,1e-05,14,15,0.00792961985703505,<raw-result-omitted>
tfim,late5,1900,1e-05,15,16,0.008078081306379931,<raw-result-omitted>
tfim,late5,1900,1e-05,16,17,0.007842054106452896,<raw-result-omitted>
tfim,late5,1900,1e-05,17,18,0.00781109280694638,<raw-result-omitted>
tfim,late5,1900,1e-05,18,19,0.007709503872752583,<raw-result-omitted>
tfim,late5,1900,1e-05,19,20,0.007928836885064195,<raw-result-omitted>
tfim,late5,1900,0.0001,0,1,0.008425031920466022,<raw-result-omitted>
tfim,late5,1900,0.0001,1,2,0.008889451586353498,<raw-result-omitted>
tfim,late5,1900,0.0001,2,3,0.00884915039077399,<raw-result-omitted>
tfim,late5,1900,0.0001,3,4,0.008579567310444893,<raw-result-omitted>
tfim,late5,1900,0.0001,4,5,0.008857739070351572,<raw-result-omitted>
tfim,late5,1900,0.0001,5,6,0.008539639520703073,<raw-result-omitted>
tfim,late5,1900,0.0001,6,7,0.008891671072581615,<raw-result-omitted>
tfim,late5,1900,0.0001,7,8,0.008688503311354321,<raw-result-omitted>
tfim,late5,1900,0.0001,8,9,0.00914611891821625,<raw-result-omitted>
tfim,late5,1900,0.0001,9,10,0.008850229290801953,<raw-result-omitted>
tfim,late5,1900,0.0001,10,11,0.008611509944880361,<raw-result-omitted>
tfim,late5,1900,0.0001,11,12,0.008694629313152248,<raw-result-omitted>
tfim,late5,1900,0.0001,12,13,0.00877816942807402,<raw-result-omitted>
tfim,late5,1900,0.0001,13,14,0.008700394018759959,<raw-result-omitted>
tfim,late5,1900,0.0001,14,15,0.009036264950235448,<raw-result-omitted>
tfim,late5,1900,0.0001,15,16,0.009098925881466996,<raw-result-omitted>
tfim,late5,1900,0.0001,16,17,0.00874340585031744,<raw-result-omitted>
tfim,late5,1900,0.0001,17,18,0.008718922730791792,<raw-result-omitted>
tfim,late5,1900,0.0001,18,19,0.008507598563041875,<raw-result-omitted>
tfim,late5,1900,0.0001,19,20,0.008807938680766219,<raw-result-omitted>
tfim,late5,1900,0.001,0,1,0.009333844700991224,<raw-result-omitted>
tfim,late5,1900,0.001,1,2,0.009706342206833675,<raw-result-omitted>
tfim,late5,1900,0.001,2,3,0.009847138506758904,<raw-result-omitted>
tfim,late5,1900,0.001,3,4,0.009540828940927112,<raw-result-omitted>
tfim,late5,1900,0.001,4,5,0.009672979193038186,<raw-result-omitted>
tfim,late5,1900,0.001,5,6,0.009297523161815226,<raw-result-omitted>
tfim,late5,1900,0.001,6,7,0.00992352392487652,<raw-result-omitted>
tfim,late5,1900,0.001,7,8,0.009627865847746988,<raw-result-omitted>
tfim,late5,1900,0.001,8,9,0.009922357718307379,<raw-result-omitted>
tfim,late5,1900,0.001,9,10,0.009897627627259566,<raw-result-omitted>
tfim,late5,1900,0.001,10,11,0.009608161070334572,<raw-result-omitted>
tfim,late5,1900,0.001,11,12,0.009797520947473687,<raw-result-omitted>
tfim,late5,1900,0.001,12,13,0.009771160122649405,<raw-result-omitted>
tfim,late5,1900,0.001,13,14,0.009287117973831851,<raw-result-omitted>
tfim,late5,1900,0.001,14,15,0.010032340145070269,<raw-result-omitted>
tfim,late5,1900,0.001,15,16,0.009981423701618534,<raw-result-omitted>
tfim,late5,1900,0.001,16,17,0.00954239863717603,<raw-result-omitted>
tfim,late5,1900,0.001,17,18,0.00965897021367042,<raw-result-omitted>
tfim,late5,1900,0.001,18,19,0.009327598604307322,<raw-result-omitted>
tfim,late5,1900,0.001,19,20,0.009711129947277373,<raw-result-omitted>
tfim,late5,1900,0.01,0,1,0.009924606814084296,<raw-result-omitted>
tfim,late5,1900,0.01,1,2,0.010085711198243263,<raw-result-omitted>
tfim,late5,1900,0.01,2,3,0.010412992378151494,<raw-result-omitted>
tfim,late5,1900,0.01,3,4,0.010113140798075201,<raw-result-omitted>
tfim,late5,1900,0.01,4,5,0.010211560342967968,<raw-result-omitted>
tfim,late5,1900,0.01,5,6,0.010035727932216732,<raw-result-omitted>
tfim,late5,1900,0.01,6,7,0.010469507375513654,<raw-result-omitted>
tfim,late5,1900,0.01,7,8,0.010280115169392319,<raw-result-omitted>
tfim,late5,1900,0.01,8,9,0.010424249855664825,<raw-result-omitted>
tfim,late5,1900,0.01,9,10,0.010634821565180478,<raw-result-omitted>
tfim,late5,1900,0.01,10,11,0.010174633431130339,<raw-result-omitted>
tfim,late5,1900,0.01,11,12,0.010341999695371291,<raw-result-omitted>
tfim,late5,1900,0.01,12,13,0.01035331815240879,<raw-result-omitted>
tfim,late5,1900,0.01,13,14,0.009748486155704613,<raw-result-omitted>
tfim,late5,1900,0.01,14,15,0.010561295029104682,<raw-result-omitted>
tfim,late5,1900,0.01,15,16,0.010462024721550191,<raw-result-omitted>
tfim,late5,1900,0.01,16,17,0.010108782668850427,<raw-result-omitted>
tfim,late5,1900,0.01,17,18,0.010353340991641594,<raw-result-omitted>
tfim,late5,1900,0.01,18,19,0.009871628427415922,<raw-result-omitted>
tfim,late5,1900,0.01,19,20,0.010281694697561758,<raw-result-omitted>
tfim,late5,1900,0.1,0,1,0.010217042717455441,<raw-result-omitted>
tfim,late5,1900,0.1,1,2,0.010179894687779323,<raw-result-omitted>
tfim,late5,1900,0.1,2,3,0.010448491216922377,<raw-result-omitted>
tfim,late5,1900,0.1,3,4,0.010296263608669323,<raw-result-omitted>
tfim,late5,1900,0.1,4,5,0.010299634257989661,<raw-result-omitted>
tfim,late5,1900,0.1,5,6,0.010318010832238156,<raw-result-omitted>
tfim,late5,1900,0.1,6,7,0.010619191022360936,<raw-result-omitted>
tfim,late5,1900,0.1,7,8,0.010332415981117895,<raw-result-omitted>
tfim,late5,1900,0.1,8,9,0.010524427301641399,<raw-result-omitted>
tfim,late5,1900,0.1,9,10,0.010642841737665571,<raw-result-omitted>
tfim,late5,1900,0.1,10,11,0.010227433840692125,<raw-result-omitted>
tfim,late5,1900,0.1,11,12,0.010433325371658,<raw-result-omitted>
tfim,late5,1900,0.1,12,13,0.010340386020068223,<raw-result-omitted>
tfim,late5,1900,0.1,13,14,0.010057104335341079,<raw-result-omitted>
tfim,late5,1900,0.1,14,15,0.010558444205616937,<raw-result-omitted>
tfim,late5,1900,0.1,15,16,0.01048713155882383,<raw-result-omitted>
tfim,late5,1900,0.1,16,17,0.010369486200436255,<raw-result-omitted>
tfim,late5,1900,0.1,17,18,0.010517961685699788,<raw-result-omitted>
tfim,late5,1900,0.1,18,19,0.010167879341594323,<raw-result-omitted>
tfim,late5,1900,0.1,19,20,0.010358955265993681,<raw-result-omitted>
tfim,late5,2000,1e-08,0,1,0.008084864334661478,<raw-result-omitted>
tfim,late5,2000,1e-08,1,2,0.007799037069278342,<raw-result-omitted>
tfim,late5,2000,1e-08,2,3,0.008201511043438935,<raw-result-omitted>
tfim,late5,2000,1e-08,3,4,0.008265516474076872,<raw-result-omitted>
tfim,late5,2000,1e-08,4,5,0.008057413041104706,<raw-result-omitted>
tfim,late5,2000,1e-08,5,6,0.008205339638073513,<raw-result-omitted>
tfim,late5,2000,1e-08,6,7,0.008299553563247308,<raw-result-omitted>
tfim,late5,2000,1e-08,7,8,0.008228248341695884,<raw-result-omitted>
tfim,late5,2000,1e-08,8,9,0.00802865084512151,<raw-result-omitted>
tfim,late5,2000,1e-08,9,10,0.008576643218402753,<raw-result-omitted>
tfim,late5,2000,1e-08,10,11,0.008460278751989101,<raw-result-omitted>
tfim,late5,2000,1e-08,11,12,0.008531032418343626,<raw-result-omitted>
tfim,late5,2000,1e-08,12,13,0.00873863957128002,<raw-result-omitted>
tfim,late5,2000,1e-08,13,14,0.008022456016834038,<raw-result-omitted>
tfim,late5,2000,1e-08,14,15,0.008267578993529753,<raw-result-omitted>
tfim,late5,2000,1e-08,15,16,0.008327001463586356,<raw-result-omitted>
tfim,late5,2000,1e-08,16,17,0.00818267005601761,<raw-result-omitted>
tfim,late5,2000,1e-08,17,18,0.007924959383852705,<raw-result-omitted>
tfim,late5,2000,1e-08,18,19,0.008453415558624383,<raw-result-omitted>
tfim,late5,2000,1e-08,19,20,0.008353050648361086,<raw-result-omitted>
tfim,late5,2000,1e-07,0,1,0.00793457314465602,<raw-result-omitted>
tfim,late5,2000,1e-07,1,2,0.007556939258188679,<raw-result-omitted>
tfim,late5,2000,1e-07,2,3,0.007880631487690734,<raw-result-omitted>
tfim,late5,2000,1e-07,3,4,0.00798855952944798,<raw-result-omitted>
tfim,late5,2000,1e-07,4,5,0.007780800153362578,<raw-result-omitted>
tfim,late5,2000,1e-07,5,6,0.007916001061851377,<raw-result-omitted>
tfim,late5,2000,1e-07,6,7,0.008126652710597626,<raw-result-omitted>
tfim,late5,2000,1e-07,7,8,0.008013354824663699,<raw-result-omitted>
tfim,late5,2000,1e-07,8,9,0.0077944779449194215,<raw-result-omitted>
tfim,late5,2000,1e-07,9,10,0.008332050361511873,<raw-result-omitted>
tfim,late5,2000,1e-07,10,11,0.008194564533753744,<raw-result-omitted>
tfim,late5,2000,1e-07,11,12,0.008212465650972986,<raw-result-omitted>
tfim,late5,2000,1e-07,12,13,0.008396848550298097,<raw-result-omitted>
tfim,late5,2000,1e-07,13,14,0.007703203216527749,<raw-result-omitted>
tfim,late5,2000,1e-07,14,15,0.008145848376575403,<raw-result-omitted>
tfim,late5,2000,1e-07,15,16,0.008074128562588628,<raw-result-omitted>
tfim,late5,2000,1e-07,16,17,0.008068616142075762,<raw-result-omitted>
tfim,late5,2000,1e-07,17,18,0.007625087401372489,<raw-result-omitted>
tfim,late5,2000,1e-07,18,19,0.008291511969403094,<raw-result-omitted>
tfim,late5,2000,1e-07,19,20,0.008130823405096983,<raw-result-omitted>
tfim,late5,2000,1e-06,0,1,0.006765480577953358,<raw-result-omitted>
tfim,late5,2000,1e-06,1,2,0.00652353825466975,<raw-result-omitted>
tfim,late5,2000,1e-06,2,3,0.006851857147620509,<raw-result-omitted>
tfim,late5,2000,1e-06,3,4,0.006795272545556841,<raw-result-omitted>
tfim,late5,2000,1e-06,4,5,0.006694068642753941,<raw-result-omitted>
tfim,late5,2000,1e-06,5,6,0.00666958719024462,<raw-result-omitted>
tfim,late5,2000,1e-06,6,7,0.0069563035518608,<raw-result-omitted>
tfim,late5,2000,1e-06,7,8,0.006860942444338408,<raw-result-omitted>
tfim,late5,2000,1e-06,8,9,0.006681113723980423,<raw-result-omitted>
tfim,late5,2000,1e-06,9,10,0.00695695679738066,<raw-result-omitted>
tfim,late5,2000,1e-06,10,11,0.00691631265573038,<raw-result-omitted>
tfim,late5,2000,1e-06,11,12,0.006970378167679935,<raw-result-omitted>
tfim,late5,2000,1e-06,12,13,0.0071085504350511634,<raw-result-omitted>
tfim,late5,2000,1e-06,13,14,0.006590498792333919,<raw-result-omitted>
tfim,late5,2000,1e-06,14,15,0.006888876377394068,<raw-result-omitted>
tfim,late5,2000,1e-06,15,16,0.006880344454455416,<raw-result-omitted>
tfim,late5,2000,1e-06,16,17,0.006810474976768715,<raw-result-omitted>
tfim,late5,2000,1e-06,17,18,0.006578233746142491,<raw-result-omitted>
tfim,late5,2000,1e-06,18,19,0.006945849588690749,<raw-result-omitted>
tfim,late5,2000,1e-06,19,20,0.006972783599706054,<raw-result-omitted>
tfim,late5,2000,1e-05,0,1,0.007227435762340932,<raw-result-omitted>
tfim,late5,2000,1e-05,1,2,0.007061136789326362,<raw-result-omitted>
tfim,late5,2000,1e-05,2,3,0.007229987451621861,<raw-result-omitted>
tfim,late5,2000,1e-05,3,4,0.0072979364327256935,<raw-result-omitted>
tfim,late5,2000,1e-05,4,5,0.007096906121103322,<raw-result-omitted>
tfim,late5,2000,1e-05,5,6,0.0072411865682284,<raw-result-omitted>
tfim,late5,2000,1e-05,6,7,0.007466821133933224,<raw-result-omitted>
tfim,late5,2000,1e-05,7,8,0.007408971380646714,<raw-result-omitted>
tfim,late5,2000,1e-05,8,9,0.007210341630536741,<raw-result-omitted>
tfim,late5,2000,1e-05,9,10,0.007593267162136804,<raw-result-omitted>
tfim,late5,2000,1e-05,10,11,0.007350158314916069,<raw-result-omitted>
tfim,late5,2000,1e-05,11,12,0.007416188461353897,<raw-result-omitted>
tfim,late5,2000,1e-05,12,13,0.0075790147623012475,<raw-result-omitted>
tfim,late5,2000,1e-05,13,14,0.00706437175832916,<raw-result-omitted>
tfim,late5,2000,1e-05,14,15,0.007396171407464198,<raw-result-omitted>
tfim,late5,2000,1e-05,15,16,0.007325953023497334,<raw-result-omitted>
tfim,late5,2000,1e-05,16,17,0.007223375321235128,<raw-result-omitted>
tfim,late5,2000,1e-05,17,18,0.007260037361149577,<raw-result-omitted>
tfim,late5,2000,1e-05,18,19,0.007591145071450678,<raw-result-omitted>
tfim,late5,2000,1e-05,19,20,0.00752379066406347,<raw-result-omitted>
tfim,late5,2000,0.0001,0,1,0.007832215710829694,<raw-result-omitted>
tfim,late5,2000,0.0001,1,2,0.007805829090098158,<raw-result-omitted>
tfim,late5,2000,0.0001,2,3,0.008043104100716722,<raw-result-omitted>
tfim,late5,2000,0.0001,3,4,0.008083105515184333,<raw-result-omitted>
tfim,late5,2000,0.0001,4,5,0.007913942375781725,<raw-result-omitted>
tfim,late5,2000,0.0001,5,6,0.008069767971329096,<raw-result-omitted>
tfim,late5,2000,0.0001,6,7,0.008140185759542826,<raw-result-omitted>
tfim,late5,2000,0.0001,7,8,0.008172130395004378,<raw-result-omitted>
tfim,late5,2000,0.0001,8,9,0.007930692071621077,<raw-result-omitted>
tfim,late5,2000,0.0001,9,10,0.00854280517807983,<raw-result-omitted>
tfim,late5,2000,0.0001,10,11,0.008001751515330217,<raw-result-omitted>
tfim,late5,2000,0.0001,11,12,0.00808314055045255,<raw-result-omitted>
tfim,late5,2000,0.0001,12,13,0.008330233906410758,<raw-result-omitted>
tfim,late5,2000,0.0001,13,14,0.007881460064136247,<raw-result-omitted>
tfim,late5,2000,0.0001,14,15,0.008026179056541287,<raw-result-omitted>
tfim,late5,2000,0.0001,15,16,0.008069745658803414,<raw-result-omitted>
tfim,late5,2000,0.0001,16,17,0.007878056314414003,<raw-result-omitted>
tfim,late5,2000,0.0001,17,18,0.008179660580630322,<raw-result-omitted>
tfim,late5,2000,0.0001,18,19,0.00857432135640893,<raw-result-omitted>
tfim,late5,2000,0.0001,19,20,0.008174019015879278,<raw-result-omitted>
tfim,late5,2000,0.001,0,1,0.008576734474464002,<raw-result-omitted>
tfim,late5,2000,0.001,1,2,0.008574755368773774,<raw-result-omitted>
tfim,late5,2000,0.001,2,3,0.008870628762453047,<raw-result-omitted>
tfim,late5,2000,0.001,3,4,0.008904028988466216,<raw-result-omitted>
tfim,late5,2000,0.001,4,5,0.008871985040001576,<raw-result-omitted>
tfim,late5,2000,0.001,5,6,0.008708894593167961,<raw-result-omitted>
tfim,late5,2000,0.001,6,7,0.008888946889336629,<raw-result-omitted>
tfim,late5,2000,0.001,7,8,0.008940199183476086,<raw-result-omitted>
tfim,late5,2000,0.001,8,9,0.008681309191014768,<raw-result-omitted>
tfim,late5,2000,0.001,9,10,0.009318366313450028,<raw-result-omitted>
tfim,late5,2000,0.001,10,11,0.00882375201720335,<raw-result-omitted>
tfim,late5,2000,0.001,11,12,0.008754071096563875,<raw-result-omitted>
tfim,late5,2000,0.001,12,13,0.009214002716934898,<raw-result-omitted>
tfim,late5,2000,0.001,13,14,0.0087020581002317,<raw-result-omitted>
tfim,late5,2000,0.001,14,15,0.008661082284992962,<raw-result-omitted>
tfim,late5,2000,0.001,15,16,0.00877282339926179,<raw-result-omitted>
tfim,late5,2000,0.001,16,17,0.00872705031237497,<raw-result-omitted>
tfim,late5,2000,0.001,17,18,0.008966443634760478,<raw-result-omitted>
tfim,late5,2000,0.001,18,19,0.009601895202730028,<raw-result-omitted>
tfim,late5,2000,0.001,19,20,0.008916027804611653,<raw-result-omitted>
tfim,late5,2000,0.01,0,1,0.00910165929864624,<raw-result-omitted>
tfim,late5,2000,0.01,1,2,0.009058768162753745,<raw-result-omitted>
tfim,late5,2000,0.01,2,3,0.00941134882012161,<raw-result-omitted>
tfim,late5,2000,0.01,3,4,0.009406745423261023,<raw-result-omitted>
tfim,late5,2000,0.01,4,5,0.00929278177934217,<raw-result-omitted>
tfim,late5,2000,0.01,5,6,0.009105785284332268,<raw-result-omitted>
tfim,late5,2000,0.01,6,7,0.00922866986257452,<raw-result-omitted>
tfim,late5,2000,0.01,7,8,0.009336551296736604,<raw-result-omitted>
tfim,late5,2000,0.01,8,9,0.009070489490973669,<raw-result-omitted>
tfim,late5,2000,0.01,9,10,0.00969010326511372,<raw-result-omitted>
tfim,late5,2000,0.01,10,11,0.009281912819234277,<raw-result-omitted>
tfim,late5,2000,0.01,11,12,0.009213135789680197,<raw-result-omitted>
tfim,late5,2000,0.01,12,13,0.009546946786849534,<raw-result-omitted>
tfim,late5,2000,0.01,13,14,0.009100589626397707,<raw-result-omitted>
tfim,late5,2000,0.01,14,15,0.00907909783544317,<raw-result-omitted>
tfim,late5,2000,0.01,15,16,0.009186386119306401,<raw-result-omitted>
tfim,late5,2000,0.01,16,17,0.00922863530570622,<raw-result-omitted>
tfim,late5,2000,0.01,17,18,0.00948534760068269,<raw-result-omitted>
tfim,late5,2000,0.01,18,19,0.010145521768950285,<raw-result-omitted>
tfim,late5,2000,0.01,19,20,0.009546626001047536,<raw-result-omitted>
tfim,late5,2000,0.1,0,1,0.009398387167364904,<raw-result-omitted>
tfim,late5,2000,0.1,1,2,0.009234361789448737,<raw-result-omitted>
tfim,late5,2000,0.1,2,3,0.009383899285805724,<raw-result-omitted>
tfim,late5,2000,0.1,3,4,0.009502262410660194,<raw-result-omitted>
tfim,late5,2000,0.1,4,5,0.009383181706957901,<raw-result-omitted>
tfim,late5,2000,0.1,5,6,0.009177800426107987,<raw-result-omitted>
tfim,late5,2000,0.1,6,7,0.009390717116620949,<raw-result-omitted>
tfim,late5,2000,0.1,7,8,0.009388323982783792,<raw-result-omitted>
tfim,late5,2000,0.1,8,9,0.00925148001272539,<raw-result-omitted>
tfim,late5,2000,0.1,9,10,0.00975021137142516,<raw-result-omitted>
tfim,late5,2000,0.1,10,11,0.009395111065527083,<raw-result-omitted>
tfim,late5,2000,0.1,11,12,0.009392605696017454,<raw-result-omitted>
tfim,late5,2000,0.1,12,13,0.009420854049776403,<raw-result-omitted>
tfim,late5,2000,0.1,13,14,0.009281066574062562,<raw-result-omitted>
tfim,late5,2000,0.1,14,15,0.009301744331530198,<raw-result-omitted>
tfim,late5,2000,0.1,15,16,0.0093342764192828,<raw-result-omitted>
tfim,late5,2000,0.1,16,17,0.009502750035583419,<raw-result-omitted>
tfim,late5,2000,0.1,17,18,0.00961624148346497,<raw-result-omitted>
tfim,late5,2000,0.1,18,19,0.009925480749597697,<raw-result-omitted>
tfim,late5,2000,0.1,19,20,0.009656033904608525,<raw-result-omitted>
